,A,B,C,D
2000-01-01,-1.00528443524436,-0.9354800373366264,0.31198271909495234,0.7633294778961925
2000-01-02,-2.2283937419124342,-1.2153755460093199,-1.0563293659676884,1.6840779253388143
2000-01-03,-1.748605960448968,-1.771464391683507,-1.1725395326299406,1.4441938677675925
2000-01-04,-1.9313169383995845,-3.982737865621368,-1.7868603409236443,2.241650396381216
2000-01-05,-1.3742779856951244,-3.867344699158227,-1.602880421717339,3.8929197615601043
2000-01-06,-3.8224596183382973,-3.508547247598651,-2.6248029444332492,4.8364349324807705
2000-01-07,-1.9185009241589857,-4.035877741020082,-2.714527092993882,4.763615691030331
2000-01-08,-1.9070787631858568,-4.082971313495238,-1.7194004754430792,2.687881739885375
2000-01-09,-0.8351298865834791,-4.039374038211536,-1.4265587190117575,2.5806888673394877
2000-01-10,-0.914857071366793,-2.9321286622417384,-1.9760009039390152,2.4377428048712155
2000-01-11,-0.5968131106474874,-2.46945440493311,-2.0642979113812086,1.2809915276114021
2000-01-12,-0.9795044372452799,-1.6642890333769906,-0.7355534119469758,1.09203593629524
2000-01-13,-1.7631739749903894,-2.6704412176744734,-1.5080576190427974,0.9162610738108146
2000-01-14,-2.4619444529445413,-3.402809895241155,-0.9063627354843499,2.205706582512946
2000-01-15,-2.033669202565387,-3.45240366965997,-0.006563405370547781,1.4508359594866787
2000-01-16,-2.5824016268307393,-3.8086301901915998,-1.450220454321686,1.3883905399790304
2000-01-17,-4.205133765325731,-3.7576046806603496,-1.8745741441598023,-0.5181236086735939
2000-01-18,-3.710740848047089,-4.21673407306252,-2.146601520312532,-0.17544745347677676
2000-01-19,-3.2772529358883977,-2.953576803184733,-3.6082543468264014,0.41844734329660965
2000-01-20,-3.705483250258469,-2.771672796552418,-1.6297915336915492,1.0742672218805127
2000-01-21,-2.3341590793325775,-2.6324651283247307,-3.270479518610898,1.4702506147595331
2000-01-22,-1.3758790569618728,-1.9545783065603646,-1.9603772760263949,2.455056793287148
2000-01-23,-1.8592390193929902,-1.3895548023749351,-2.732558134359007,1.7145011974204656
2000-01-24,-1.5576998021907436,-2.775491671137077,-2.1958909592830995,1.7531197504137428
2000-01-25,-3.1290805355638045,-2.3597356377847505,-2.649463816789737,2.1154854269847565
2000-01-26,-2.4763688696524118,-3.6821727002492377,-2.159512795953167,2.5466084109455296
2000-01-27,-2.6987928041078346,-4.644521787270466,-1.7316607648795277,4.390676379419395
2000-01-28,-3.2352913966194694,-4.900401178314048,-2.713902692287661,5.6584628790534515
2000-01-29,-2.9891911174134114,-5.948618491474468,-2.7849306255625534,5.487634765830562
2000-01-30,-2.750390185692537,-6.086002250446589,-2.6278679175935147,5.481896491916851
2000-01-31,-2.946124421609899,-6.573719665214214,-2.2267112790820924,5.390945258745716
2000-02-01,-3.2042864365884203,-4.917448042344633,-2.55090969058818,3.5060142157472596
2000-02-02,-4.610298216317956,-4.985964619062334,-2.547237692739666,1.9908166517899768
2000-02-03,-4.754435450184143,-4.84380576864428,-3.0524156634508777,1.0621504358613518
2000-02-04,-4.600196346491813,-4.69113093175445,-0.39181464545944333,2.3357442743698393
2000-02-05,-4.201008578182522,-4.3702569070616875,-1.4059635083740323,0.7803465063769015
2000-02-06,-3.578719549533981,-4.803993381080756,-1.9462716824762252,0.8863237745433798
2000-02-07,-3.123204771086975,-4.787032000783348,-0.49488688166924133,0.19489042298142834
2000-02-08,-2.6857239120571954,-4.2658747981946,-1.0972052895223818,-0.6052477977959101
2000-02-09,-2.101552171803719,-3.801855846606368,-2.384887708059065,-1.509094490565054
2000-02-10,-1.5247679228103492,-3.4345567801585752,-1.9742772736563023,-1.5505129551319674
2000-02-11,-2.273088916703122,-3.776957022336988,-2.278387813095294,-1.6650526962360923
2000-02-12,-1.605115278505842,-2.560366392490553,-1.0961247651725967,-2.181311407449287
2000-02-13,-0.7084394876227924,-2.250261893108919,-0.48454571935241564,-3.1860938237481653
2000-02-14,-0.8320937478717685,-1.3360205503901073,-1.7118312861864462,-1.0129661978080655
2000-02-15,-1.3351979313874804,-2.2395331855694454,-0.5470632706792928,0.6771250093214023
2000-02-16,-2.0499613802346373,-3.434926550615228,-1.7710681226814076,1.435031836495439
2000-02-17,-2.1052250116812727,-4.3895315548609215,-2.152023221203071,2.8862553808433646
2000-02-18,-1.9928590275126794,-3.431926249007186,-1.2983530794844382,1.153524758623404
2000-02-19,-1.3072000713304366,-4.862457824731798,-0.07940567160359224,1.2734345108629852
2000-02-20,-0.5155748859094283,-3.8258435076904576,-2.0271091617951633,0.9286116761510099
2000-02-21,-1.2717189521184995,-2.7751380118554527,-1.7479041209912416,0.5355563934436645
2000-02-22,1.6329361102110278,-1.071937135378388,-0.6578647566590279,-0.07251217443769398
2000-02-23,0.7308767898228808,-0.9128089952600824,-1.4794420253448142,-0.765111068029969
2000-02-24,1.918446910733604,0.2671986788991578,-0.6551961178677762,0.03213313963090647
2000-02-25,3.2368368181412235,1.861395303187449,-0.4723523558471808,-0.3272686935987559
2000-02-26,1.647400974042826,1.553576086144708,-0.10630776553677057,1.9476643052648779
2000-02-27,1.0533300963375443,2.807676814119384,-0.14866711923756565,2.519336004385272
2000-02-28,0.595662768929361,3.377484464473586,1.8342468099069467,1.4816326399703539
2000-02-29,0.35133502322811944,2.3275935520983886,2.848503131119892,2.032177346774339
2000-03-01,1.1150782764607485,2.4971104729827336,2.7098225653299006,1.4558298202446993
2000-03-02,0.5603737393824894,3.3296553225832093,2.6358338349153883,1.1467374159053996
2000-03-03,0.47779518479578087,4.462467630575201,1.5216465565101376,-1.3849133620654033
2000-03-04,-1.802897890225756,2.986895959865504,1.8430574108908262,-1.551408264508737
2000-03-05,-0.21129479379789617,2.215800480402476,2.4952320550357188,-0.049667978733085816
2000-03-06,0.11418950723467708,1.5159716524640094,2.002533902511388,0.7342507977633821
2000-03-07,1.8302918966029704,1.0048041041520441,1.1567072510252643,0.9113820918286009
2000-03-08,-0.04943309037031618,0.6041184564270787,1.5261620179342934,1.5996678400362887
2000-03-09,-0.862557720401614,-0.126919987126479,1.8246448369738628,2.101148505713808
2000-03-10,-2.2443152372761004,-1.0312729096893534,2.8590564967947936,1.921058606068009
2000-03-11,-0.5147343282408701,-1.6191134793700646,2.4173601639696685,0.9599600696316424
2000-03-12,0.29087459448455,-1.9523702938164216,1.4667220609071099,0.1412477678732318
2000-03-13,-1.4074762611186213,-0.9716116750358685,1.5621873598757057,2.8288275753776473
2000-03-14,-0.39772077224732616,-1.0233641386709482,1.7164579561903786,3.1709546813133036
2000-03-15,-0.05731685299776007,-2.559422584875076,1.6480291828643403,3.68793201710727
2000-03-16,-0.5133786531023373,-1.7934879160325627,1.2980240008966555,4.454776687521843
2000-03-17,-0.4796837886083247,-2.8298475826065674,1.7344079953770406,5.92345001319071
2000-03-18,-0.06973056175143372,-3.9665158968578726,3.4716622154087506,6.486043216720552
2000-03-19,-1.7907844656779206,-2.011367164358737,3.396905210025644,4.864930715537034
2000-03-20,-1.7565478803205528,-0.6050947058369724,4.810201798953399,5.6692460714981445
2000-03-21,-2.32809406833744,-1.3088023703684657,6.255511915257073,4.639773707685828
2000-03-22,-3.85605088892744,-1.3456318204174322,3.89830958163627,5.583655503859827
2000-03-23,-4.220340161066951,-0.9842118262065404,4.972597368789884,6.847778406275202
2000-03-24,-5.420905626037231,0.34600663338482895,3.117535360584149,4.604505112072027
2000-03-25,-5.772405726918271,-0.6198479678006019,1.176395186573836,5.5264419439900285
2000-03-26,-4.8200400898155875,-1.3566672307720489,0.31054920418867193,6.8050468482021245
2000-03-27,-6.621915041825986,0.4499962895541991,1.8051424401026634,8.265904725821118
2000-03-28,-8.112190707757687,0.08958681797592216,4.263854734197738,6.05319402880928
2000-03-29,-7.920126878763521,1.1168912957298063,5.8324314156524855,3.762830958109261
2000-03-30,-6.233741515511248,1.2232798183402176,6.292268597938931,4.570184807153731
2000-03-31,-6.788705055082535,0.27360185146203053,6.3376515576785,4.215304500640705
2000-04-01,-7.009806692325764,1.2979709720556842,6.508823884265107,3.3507849360299207
2000-04-02,-6.590705452203731,0.6043483966202868,6.321572748240864,1.371286085576559
2000-04-03,-7.3816881138205135,-1.029462478075036,7.595767900523928,-0.2887403487884945
2000-04-04,-6.541100549932345,-0.08051050369128177,8.416857332535871,-1.6156601956854584
2000-04-05,-5.362018457711459,-1.192550845301958,9.26889169665818,-0.46766970284170784
2000-04-06,-4.486769451949363,-1.883834383800536,9.749630012006284,-0.9935425077786542
2000-04-07,-2.9003279459183133,-2.6471792487137042,10.252127046683839,-0.15817533351841695
2000-04-08,-4.333543466557326,-2.6354533797097783,8.109845360810002,-0.44210541346746174
2000-04-09,-5.177322893697857,-3.259588612175898,9.643290208769528,-0.8133657454030414
2000-04-10,-4.601067369665395,-5.218190160581976,9.552000849623305,-0.017552586560731442
2000-04-11,-5.134407736501974,-4.625642380435924,9.393254828704013,0.4021720907117191
2000-04-12,-5.5757991933428,-4.711182599925214,9.228470941391597,-0.35080315395194095
2000-04-13,-6.472488580451281,-5.123439568776234,9.841254516460587,-0.5674763187892027
2000-04-14,-6.871990725932637,-5.74762625016224,8.577825272279338,-0.8420162504195325
2000-04-15,-7.373296648215,-4.609664086594129,4.297564351971897,-1.3929407051676446
2000-04-16,-5.844831640675908,-4.8285656480102706,4.789388136248682,-2.2498899816290834
2000-04-17,-5.081548564167378,-4.264805680935693,3.5058201351259086,-1.496589329062716
2000-04-18,-4.432642311467897,-3.662548850614744,2.9729455679647017,-1.6620380142944151
2000-04-19,-4.129744769719499,-4.291442033275227,1.8581695330888466,-2.1236295003920977
2000-04-20,-5.37553340736805,-5.162873373020741,2.4411153760343742,-1.5788951042474872
2000-04-21,-6.118386403061403,-5.640123847421155,0.9194918197014734,-1.3702457028209032
2000-04-22,-6.091210580273985,-4.490306660510125,-0.03767751215148685,-2.7316413411622857
2000-04-23,-7.345363569842346,-3.4601699554803673,0.6517143054954038,-2.4069180651241435
2000-04-24,-5.690199819811074,-6.5877896607232085,0.7404754879534682,-1.728185847164202
2000-04-25,-6.126338080830668,-6.54497194737055,1.395537243806571,-0.24203149699349313
2000-04-26,-4.410217246085605,-5.8413533527891515,1.4868295794744788,-0.7268869268383571
2000-04-27,-4.532599168832803,-3.970387734157696,-0.559412452502575,-1.0167864549743377
2000-04-28,-3.044969532775336,-3.9469167680872173,0.5306063782261781,0.29754125693760014
2000-04-29,-2.790230834381202,-4.001654007226448,1.4922635563662376,0.8564527598131653
2000-04-30,-2.364105780031133,-2.9269240206205573,1.7307296908522354,0.5354299402638242
2000-05-01,-3.8301855510531055,-3.7714562276975325,0.8510203886312172,0.3864596856492257
2000-05-02,-3.0856300134317522,-3.6159007703751045,1.3801770969895442,1.1084143604658352
2000-05-03,-3.5612880342238546,-3.6936614015660716,2.861895559567424,1.1163582793618796
2000-05-04,-4.3107713382887,-5.563222930347921,2.05668713626812,0.6197261127101019
2000-05-05,-3.0791836971057855,-6.230504352464006,0.7441300702212219,2.164397011237813
2000-05-06,-2.667873756431467,-6.258924449431656,0.4508647886385322,3.2243261494645976
2000-05-07,-3.619654676776374,-5.601913826181167,0.9033851951085292,3.5048022438393147
2000-05-08,-4.7631846952875385,-7.183519612843751,-0.18273709243536396,4.868069211546931
2000-05-09,-5.642869207992723,-6.424976372278821,-1.0803355764580915,3.868446061659962
2000-05-10,-5.1997958308364565,-8.268149016478194,-0.22054196615626187,2.8170194292282043
2000-05-11,-4.9740603391701,-8.133226337910353,-0.7128023190202093,4.081333348892465
2000-05-12,-6.063442124567038,-5.7556574323859575,-2.654651735904387,4.215591318841867
2000-05-13,-6.408589157602184,-4.696352093573781,-3.200644184249561,3.711834581277495
2000-05-14,-5.825744973026993,-6.136331426909356,-2.918930004968052,3.2482171123456065
2000-05-15,-6.937125022709853,-7.920371406149787,-3.003049463108243,4.253467695489109
2000-05-16,-5.572031884903278,-6.3588622819131,-2.7585811908852578,6.200124159738097
2000-05-17,-6.698482764218179,-6.582999154568154,-3.732372626409977,6.195087724279521
2000-05-18,-6.884329033556835,-6.264716909535135,-2.84512269567627,6.436647862213312
2000-05-19,-7.1437842979342845,-5.829217510513074,-1.3510706633556928,5.983136527193579
2000-05-20,-7.44145533398536,-4.853001805681155,-1.228097391749723,6.064106314896922
2000-05-21,-7.875128885028721,-6.807448933741005,-0.3898516789392861,6.754350918025855
2000-05-22,-8.434184977816406,-7.110847244317013,0.8257587139009654,7.589579893774367
2000-05-23,-8.953268102300184,-6.398637232925022,0.3436412010869049,6.099962990189063
2000-05-24,-9.153434219748094,-6.642283849026679,-0.6809727573005061,5.740210566456242
2000-05-25,-9.139901709060084,-8.449543642419082,0.04254795474937656,4.984494049969437
2000-05-26,-8.582099417269928,-8.231070721533124,0.27742450764114057,3.176604859585769
2000-05-27,-7.493003110064295,-7.0534514789081735,-1.6998111424351754,2.6335522584875077
2000-05-28,-7.647957944559541,-6.184051049148444,-2.2033588418905157,4.406030660389034
2000-05-29,-8.207277862600598,-7.672679506155498,-1.13977376305633,5.14531196011046
2000-05-30,-9.273254497924105,-7.588738367243415,-2.3935867238197543,5.225444636685263
2000-05-31,-10.98329576107709,-5.761752725532434,-3.371483800309427,5.267381623293221
2000-06-01,-10.646280938313113,-6.949609473582564,-3.617953671923199,4.926553912300997
2000-06-02,-9.439286959693067,-6.312378290621755,-4.248761199676282,5.388464493126244
2000-06-03,-7.845595672228452,-6.741439953223097,-2.607308386005407,5.927241621439656
2000-06-04,-8.383569638019186,-7.497779078537451,-2.427574503739985,5.535011606841285
2000-06-05,-7.058337315630311,-6.78249617130758,-2.2685899174436797,6.015956992708222
2000-06-06,-7.240303216379771,-5.214161747485959,-1.658859194188456,7.555557312004516
2000-06-07,-9.249017010804145,-5.892614668544029,-1.1001198392468556,8.667084928080362
2000-06-08,-11.848824758960745,-6.258988385616107,-1.3130592886884802,8.496410629079696
2000-06-09,-11.412995115292839,-7.192664077794344,-1.453225530678089,8.117346668249088
2000-06-10,-9.764023734726589,-7.534559779724604,-3.255667036583974,8.392336093701557
2000-06-11,-9.334999131425148,-8.698367939428149,-2.067342326959552,6.998016788863746
2000-06-12,-9.895589159129354,-9.335487308921799,-2.933231578942109,7.192575673981488
2000-06-13,-9.564832970183407,-8.759053488893827,-2.0389212159102015,6.308848215001008
2000-06-14,-8.710170025628136,-9.402876907534782,-2.008450500298399,5.396632286486996
2000-06-15,-9.202612391890979,-10.216537788347612,-3.0409870160510124,4.519916462615189
2000-06-16,-9.18672047532171,-10.161210286655056,-2.5943074874809593,5.838092079088353
2000-06-17,-10.142496721565532,-8.52969718672021,-3.47623092139295,5.551473877304352
2000-06-18,-13.196930210782293,-8.393666307073202,-3.9968327474515015,5.612874415647599
2000-06-19,-13.920894328149005,-6.397840873231454,-4.240012201465184,6.723835745766547
2000-06-20,-12.912294077809767,-8.711744057816155,-4.935137509065119,4.061533559421025
2000-06-21,-11.914947512240682,-7.92300228353677,-5.162745666469631,4.291776829943053
2000-06-22,-11.063045640430548,-7.386207247804787,-5.1837550811261375,6.204078282315765
2000-06-23,-9.793544502120922,-8.398525914998325,-4.016215518480518,7.12723292816038
2000-06-24,-9.596642780785585,-8.066409235790779,-5.399339781169976,5.830373080818755
2000-06-25,-8.936122098550744,-9.606198348584453,-3.5505994911118415,6.408042778980693
2000-06-26,-7.7146545969363345,-9.420463081211846,-3.58891122056614,5.7926296648763484
2000-06-27,-6.599809392208489,-8.755310881856417,-4.244666753777026,6.132734264374344
2000-06-28,-5.870759999131231,-9.873690715843312,-3.989005872946389,4.591802085244874
2000-06-29,-6.168882247573549,-10.582999930120245,-3.0444612071299417,4.969722344338923
2000-06-30,-5.530548118256983,-9.97640643646048,-2.6818721621407633,4.343178557899826
2000-07-01,-5.487831991981069,-9.79741453973813,-2.979777056529053,4.362601085054835
2000-07-02,-5.608537122428063,-9.964318864091464,-2.2991105040841675,4.680400348930948
2000-07-03,-6.14271282038283,-11.118088176850554,-0.8354288625593465,4.849960786590981
2000-07-04,-5.980823609456239,-9.210856869996611,-1.7695373418908238,4.797070186545323
2000-07-05,-6.213057990527656,-9.445252025276597,-2.2209647738197638,4.088343412832789
2000-07-06,-6.556602224514833,-8.553420020886055,-1.8595564326831358,4.671777355213859
2000-07-07,-5.257572163263326,-9.20532333514043,-3.0213793303991485,4.054947369908889
2000-07-08,-8.011818914790638,-9.789490852752138,-3.0998216849751294,5.097274340635218
2000-07-09,-7.965120912227788,-9.607723876979428,-2.54720141504598,2.373807593050017
2000-07-10,-7.660836152684858,-8.028821359848239,-3.561574681051564,1.4120975638127613
2000-07-11,-7.419991023580897,-9.7750683161206,-3.5412863405622486,1.7725610629039195
2000-07-12,-5.607970041441423,-10.94723894993484,-4.478826993862761,1.8776065010988607
2000-07-13,-6.6343188112334115,-12.271056338325193,-4.0731068045824195,3.114726589579149
2000-07-14,-6.852807730414749,-10.951993131306608,-3.2875488793894294,3.091839072925114
2000-07-15,-7.602854290622982,-10.466185398731819,-3.7906678878929654,0.6329891735305853
2000-07-16,-7.762810205874897,-10.415220189169858,-4.658260086596083,-0.3465369661658222
2000-07-17,-7.527554883707024,-11.655742332174201,-4.795493060956246,-1.2247020728469606
2000-07-18,-8.002361151235517,-11.992836984987282,-4.651945760108035,-0.41327052826907407
2000-07-19,-8.697238143233363,-11.863428257463266,-4.535945193785169,-0.31870675808717003
2000-07-20,-8.560791697874128,-9.74785303752338,-4.6637916111036555,1.213133048032398
2000-07-21,-9.363254241431349,-11.459360437996807,-3.5000735635149827,0.45880966609424534
2000-07-22,-9.755027302378188,-11.621768608526196,-3.7391517687885885,0.31012354296211286
2000-07-23,-9.237147945142684,-11.29801404150837,-4.016701414708753,-0.4050148613427865
2000-07-24,-8.216198891300253,-11.600825766865666,-3.673012263427894,-1.4639983744888103
2000-07-25,-6.790836844088347,-12.329152184135872,-6.183642386433684,-0.5833604536797328
2000-07-26,-8.014243258673936,-11.734009930786305,-6.711141566890303,-0.5854811787869085
2000-07-27,-7.668697811861296,-11.293438557241233,-5.822777816211588,-0.5195176708483147
2000-07-28,-8.943481522540964,-10.43389706779698,-6.154528011561766,-0.6234270598824901
2000-07-29,-8.848854780649257,-9.481451372606413,-5.352017665657592,-0.3991450105901596
2000-07-30,-8.294569736926244,-9.942380294082414,-4.630064410213025,-1.178538471936822
2000-07-31,-6.706954591924355,-10.063704042443907,-5.27501914504041,-2.3056083410667108
2000-08-01,-7.090712928471903,-10.956477741457507,-6.543090591876087,-2.9132300387481322
2000-08-02,-7.725876906433246,-12.919624940389925,-6.531067920465017,-2.895678750337848
2000-08-03,-8.458144597945672,-12.561678462129041,-6.636867992333906,-4.829528076174934
2000-08-04,-10.203456099838519,-11.827899147693012,-8.443601330442167,-6.177550226102194
2000-08-05,-10.97741992221032,-11.249871518845433,-7.461421394154737,-7.675793546202879
2000-08-06,-9.966004105771338,-12.461436962020715,-6.355361053460567,-8.48388390053592
2000-08-07,-9.426443385178745,-13.21521621443348,-4.6567477369806545,-7.153392803940732
2000-08-08,-9.284767874696671,-15.246438490805737,-3.1301316903004306,-8.01934927446513
2000-08-09,-7.996930224910825,-15.487451112734846,-1.7953009834957476,-8.040216851374026
2000-08-10,-8.822404851435827,-16.461443358165585,-2.1031832554465035,-9.55911651181442
2000-08-11,-10.337079439074625,-15.149102030168212,-1.0153660805874358,-9.428742096672815
2000-08-12,-9.097313171794994,-14.472384447197753,-2.1629146940697064,-7.961420753253082
2000-08-13,-8.641482189126188,-14.578474425999822,-3.310352567271964,-7.782056412100347
2000-08-14,-9.69635300974427,-14.374252529242872,-1.9414938942298325,-7.682943430222453
2000-08-15,-9.255816572874458,-13.19237818324594,-2.70227906211885,-7.711570288725443
2000-08-16,-9.567754959060384,-13.834950408271895,-1.6818939237734392,-8.035077110185826
2000-08-17,-8.565433022423239,-15.318752693907692,1.211973897966998,-9.28664214366809
2000-08-18,-9.532381222884412,-16.160670702483436,-0.7006314650343142,-10.339278624864424
2000-08-19,-10.125293600615546,-16.103053252454202,-0.05890258053431319,-11.825852937425958
2000-08-20,-12.388789706974256,-15.588216923265088,1.2094060475620596,-13.26392080616464
2000-08-21,-13.831293687190481,-16.275217577020484,-1.094671993390556,-13.029762297444298
2000-08-22,-13.976787471102059,-16.95108365537905,-2.499799662627356,-10.830664557313176
2000-08-23,-12.802658956164063,-17.954316648970874,-2.235334810645766,-10.41297078421931
2000-08-24,-11.981210429912863,-17.72612766862098,-1.7528717221689076,-10.52762215376967
2000-08-25,-11.418902140692538,-16.98119109973728,-1.8169583264434757,-11.28833213261296
2000-08-26,-11.49477621375302,-17.048019798203594,-1.3894503611765678,-10.243504852134608
2000-08-27,-10.878563594030885,-15.156127947371019,-1.4242885549355984,-11.010313221451746
2000-08-28,-12.635869607883405,-13.79959917519126,-0.3195114920870208,-12.723437180761465
2000-08-29,-11.597149331629463,-13.246670947582688,-0.7198213910881773,-14.038091832227034
2000-08-30,-12.783687085245663,-15.254061661081687,-0.6410035705096396,-14.475285333917444
2000-08-31,-13.558007443848972,-14.971957642399543,-0.009774760416079942,-13.561463814740735
2000-09-01,-14.079306747348761,-15.83860452033161,0.5182609558274894,-13.04357134245374
2000-09-02,-13.065535543137216,-14.673644592427031,1.8447816628077764,-12.942742478311155
2000-09-03,-14.31979427615579,-14.653697941861315,1.2303453635293076,-12.899185474510338
2000-09-04,-14.013550235366774,-13.949797380672415,1.1236301620542481,-15.429905829423776
2000-09-05,-14.781511041636442,-13.171608091774662,1.1034418861891395,-14.998315106790127
2000-09-06,-13.583237627518702,-13.707810276599401,2.0834146642787292,-14.060418175427934
2000-09-07,-13.128916716855823,-14.723664432197475,0.43867510790663156,-13.274053614846014
2000-09-08,-13.175216672928189,-15.359901397166198,1.2111376904750628,-13.527816011049591
2000-09-09,-14.0100716889187,-15.104992939832364,0.9730532136116152,-15.120972591391647
2000-09-10,-14.944909421664693,-14.817093630056963,0.35942494638284384,-14.496275671104565
2000-09-11,-15.66450522715136,-14.389552396237436,-1.2256780376623917,-12.43632205835273
2000-09-12,-13.962211974315354,-14.5335336911836,-1.907771696897812,-11.79513957155472
2000-09-13,-15.119467661401666,-15.684467091695963,-1.26162339842239,-11.969433262506492
2000-09-14,-16.255548974446686,-16.227505585817298,-0.9058025126795679,-12.505110995163314
2000-09-15,-16.81511734014528,-15.33485328492672,-0.3494610766120414,-13.142909083989098
2000-09-16,-18.293882078758894,-14.64448231617979,-1.0320783772616795,-12.49090370666543
2000-09-17,-19.129936127759965,-15.023685711297425,-1.6793633302256543,-12.383897736260831
2000-09-18,-18.23344191601496,-14.546838192834382,-2.4723551511651456,-12.340361994377314
2000-09-19,-17.42296630659126,-15.473535893732324,-1.6692012080586496,-12.955816397425528
2000-09-20,-17.179333598353768,-14.62627409629897,-1.3572268582739921,-11.561020019915443
2000-09-21,-16.86116450972653,-14.811297153704475,-2.3018252894080193,-10.855747158904046
2000-09-22,-15.63872098798381,-14.30619705937403,-2.203793256791206,-10.227928063699142
2000-09-23,-15.300575189416515,-13.255252235746212,-2.611230770681626,-9.697471871623303
2000-09-24,-16.43486157502957,-12.236260928492172,-2.305408625366371,-10.56854196539649
2000-09-25,-15.577182469549486,-12.584357217785996,-2.743621265071991,-11.92903585897347
2000-09-26,-14.638079742747589,-12.436038781881336,-2.3626503959174405,-12.229620116874486
2000-09-27,-14.773667331170342,-12.623853285096208,-2.169298046664272,-12.37606957139158
2000-09-28,-11.988303277603162,-12.170396795925646,-1.6118437087504276,-10.56195518245025
2000-09-29,-12.138142526011874,-13.314506856995973,-1.5402366572210766,-11.21739491561307
2000-09-30,-10.679596238558238,-14.315313241703018,-2.003419246819308,-11.166703059160291
2000-10-01,-10.710634851928237,-13.254629109612202,-2.3130478444010727,-11.580328500766827
2000-10-02,-9.960259110577095,-13.90982223128328,-2.063518536405368,-12.040728676767621
2000-10-03,-10.021249707862578,-15.346890280409976,-3.1012553999658974,-11.874022805340383
2000-10-04,-11.322597729337767,-14.10205083616857,-1.4295186268838085,-10.822595720599782
2000-10-05,-11.748209227749902,-14.605895042622805,-2.149747044034664,-10.28518428555089
2000-10-06,-11.978750810003623,-16.80519192060655,-1.8297382679538754,-10.577460550462197
2000-10-07,-11.784118436225743,-16.1891416296734,-2.329668870653024,-9.938658259877027
2000-10-08,-11.390130496676786,-14.348330538844058,-0.3054996849054299,-10.460698741033152
2000-10-09,-11.683143332819176,-15.446502598275014,0.32011716296313686,-12.055950478004114
2000-10-10,-11.017423498339548,-14.436796679461672,-0.31869642134083265,-12.041656114620015
2000-10-11,-11.193019462101674,-15.045107898903984,0.1631024602452013,-12.32178977754515
2000-10-12,-8.823685319439326,-15.92131802833747,-0.26823678398885964,-11.703019094700743
2000-10-13,-8.460771612831948,-16.588127261348685,-0.4744123130553536,-13.706708204175486
2000-10-14,-7.79702896758785,-16.532422484782604,-0.19830919061902413,-13.36427448047896
2000-10-15,-6.379402339920588,-17.466461584810155,-0.47874974631409556,-13.74006509888738
2000-10-16,-6.117381997916855,-19.323960977968017,0.24303418331175924,-11.936231620055686
2000-10-17,-5.67045279290619,-19.8616744685546,-1.1587999572910985,-14.544884192864156
2000-10-18,-7.139233651164309,-19.20271991454254,-0.5885208724448623,-15.624028945256102
2000-10-19,-5.929577132985566,-21.77059795346833,-0.3416730882327093,-17.22562860641223
2000-10-20,-5.430679222662531,-21.411913513514836,-0.2874045017108081,-15.776124337244237
2000-10-21,-7.2266849132129245,-21.66544384316192,0.9758804513589693,-16.479874576434902
2000-10-22,-5.438987925079696,-21.683515229887,0.34307065591287833,-17.386086600749938
2000-10-23,-6.748348789319326,-21.565480452624122,0.37927448559699206,-18.24338808329657
2000-10-24,-6.393448147163066,-21.83903711412306,-0.014276021441109732,-17.286177953111626
2000-10-25,-5.281420295723779,-21.788101097819702,0.3780770122511649,-17.096576149515744
2000-10-26,-5.199705868555405,-20.974047624872934,2.585248453096057,-16.936414108115052
2000-10-27,-2.7258475295384383,-22.10086112753909,4.544946736786415,-16.30162031812879
2000-10-28,-4.244351023676513,-22.51793974672138,5.80660016625169,-17.344304610707482
2000-10-29,-3.543162297750104,-23.483562180919275,5.489455431205981,-17.107786272177446
2000-10-30,-1.5551268285550772,-24.176861368479262,6.127150416979796,-16.12452940314144
2000-10-31,-2.2072851931065482,-24.728888870617205,4.2596113025450855,-15.461147806638326
2000-11-01,-1.8737399200588483,-23.749732783131346,3.9496163472753913,-15.8872397076393
2000-11-02,-4.003588631638657,-24.376773468210253,2.917447012872284,-15.209323137345143
2000-11-03,-3.7096557856771355,-21.902140683299574,2.2336858249350735,-14.98545352286563
2000-11-04,-4.312397340194555,-19.214027339602957,2.191939285032822,-15.104884203115624
2000-11-05,-5.2564238255215345,-17.22967632879956,1.9604082013110113,-14.863712684797248
2000-11-06,-4.298789253935645,-16.819671833807188,1.2235026299144662,-15.412177943304735
2000-11-07,-4.193922281773258,-16.726429219354667,0.9753557559577203,-15.69560671844794
2000-11-08,-4.270686723547532,-14.829190323312378,1.6220916969590062,-17.57516606795682
2000-11-09,-3.970782408417235,-14.319368369658193,0.746868259153741,-18.939567257306322
2000-11-10,-3.859279244547889,-14.899218998180901,0.6084692202444671,-17.59009268478943
2000-11-11,-2.806974077163095,-14.191491841636545,-0.26512656300304593,-16.12019489606124
2000-11-12,-4.268073010307024,-13.838565308711576,1.5387698325503787,-15.090880034936763
2000-11-13,-5.134874923705243,-13.958191533094936,1.8716248874006711,-16.608320862545053
2000-11-14,-4.066066443749603,-12.159748417113676,3.355107077854245,-17.938345261834215
2000-11-15,-5.278943755233464,-11.922979643173827,5.061300386949801,-17.54752528666925
2000-11-16,-6.342312775255927,-10.147103252330062,6.94825506520809,-18.269692500729906
2000-11-17,-6.357984794060385,-10.654094276716128,7.9449292471585355,-17.903511861307607
2000-11-18,-8.96729143638197,-10.829584565697298,6.65223748680838,-16.554364438479137
2000-11-19,-9.531550424587905,-11.491896902568765,6.20752996608336,-16.63865054136326
2000-11-20,-10.247202903281451,-10.97126256431712,6.345908134964718,-16.239659320245632
2000-11-21,-9.194250341408278,-10.814352781304876,5.891377299327639,-16.391608008565203
2000-11-22,-8.537686904462573,-10.708716834094789,7.617115374658224,-16.77899698765031
2000-11-23,-9.483732654594222,-11.120815476226703,7.674214257521464,-15.706872331561845
2000-11-24,-10.327272527557458,-11.884629782777482,6.416935922385747,-15.6563043207199
2000-11-25,-10.714918115766753,-11.3248357754762,6.685196935281014,-16.12313065073866
2000-11-26,-10.897446534537657,-11.087637271489347,7.988736669111785,-14.618260949085476
2000-11-27,-10.613284088354193,-11.182561514991624,8.612057879891639,-13.512111491694645
2000-11-28,-9.436250329833687,-11.968566428560404,9.17017162699766,-13.885132500666064
2000-11-29,-8.277894428856202,-11.762310831358311,7.860240459170768,-14.798090063761318
2000-11-30,-9.617772735069993,-12.21179832594879,8.341489619799535,-13.263630006388588
2000-12-01,-11.09912702561559,-13.630299725433206,8.087612889830638,-13.050362289868128
2000-12-02,-11.552487201641018,-13.503283851110957,7.7751513063966495,-14.253258908206867
2000-12-03,-10.087753194540712,-13.130396456980115,7.156130469645992,-15.742753700941124
2000-12-04,-9.957311723111811,-12.646088742344121,7.5223915409488376,-15.26494303606461
2000-12-05,-10.295061308983248,-13.431364022596522,8.953789414535777,-15.39463772581832
2000-12-06,-8.792357990904469,-13.316839743500957,8.296494907923856,-15.462889355296342
2000-12-07,-7.818291189053738,-10.93009424374717,8.460451209934611,-13.917244148961144
2000-12-08,-9.082377293008086,-11.31395120752679,6.715622528313986,-14.380395263776641
2000-12-09,-8.718773255757641,-12.335544975598381,5.676291886951489,-12.827959867324362
2000-12-10,-9.226348455479494,-12.54945802980785,5.155269808122254,-11.580282198625467
2000-12-11,-7.721152507880189,-12.017961732104736,5.345539643332675,-10.66420450193012
2000-12-12,-7.668433377970609,-11.314038941589068,6.366673391928141,-10.533792663951594
2000-12-13,-8.633980470780651,-11.158446793474214,7.359393526231414,-10.479757370110505
2000-12-14,-7.665311627482088,-11.587427181454355,7.999503390145009,-10.009876734176629
2000-12-15,-6.821204002907642,-14.634070419549335,9.130192251428456,-8.343449904025002
2000-12-16,-6.93093282420472,-14.067787314361718,7.728404487577958,-9.383954090776113
2000-12-17,-7.6293510785868905,-13.762132332597938,8.156898871081417,-9.611502568626392
2000-12-18,-10.981406467080598,-12.734224930194495,8.672588146643108,-10.637116670682923
2000-12-19,-11.029653247769884,-13.738494429390444,8.945320265120467,-11.953622835325904
2000-12-20,-11.595367266066718,-14.401440035025828,10.353037518736173,-12.302421663073313
2000-12-21,-12.082592984387569,-13.830362330180666,9.918795564976458,-10.584929703512511
2000-12-22,-13.5646225045187,-14.080393586068523,10.435292816655622,-11.246653685097273
2000-12-23,-12.539652425093898,-14.376705585611711,11.120922198488982,-10.408631150042078
2000-12-24,-11.166217296968407,-12.410807205546329,12.459012472234726,-10.008476613422182
2000-12-25,-11.992550841347454,-11.876107968721495,13.129480446744655,-10.78689215472426
2000-12-26,-11.98920002370718,-12.335960970570325,12.266748782653144,-9.799900175157353
2000-12-27,-12.702248421049287,-11.691050009183558,12.514684623531261,-10.683387081887524
2000-12-28,-11.481869712344052,-9.956857652238787,11.380982690980376,-9.859783029886778
2000-12-29,-12.30143558687211,-11.16883877812484,9.49841707572667,-10.188914699586132
2000-12-30,-13.763561449984632,-10.808230629839695,10.004185230849625,-10.586436587179268
2000-12-31,-12.010273135827617,-11.83017171758054,9.156670259663647,-9.326026940963018
2001-01-01,-12.44941686202564,-10.883729595882984,11.948748478607518,-9.091634022763017
2001-01-02,-12.404598603563914,-11.275236053262129,13.01956156266617,-8.285475821167537
2001-01-03,-12.223392596167072,-12.158284416131048,13.791768460306105,-9.136950149615236
2001-01-04,-14.750854784957543,-13.298528765411024,12.999622056986876,-9.61098052479084
2001-01-05,-16.088477038887017,-13.98980108906416,13.69858826391409,-9.464676212820903
2001-01-06,-15.971064319990608,-16.11271128218639,14.86643325579884,-9.637848260493499
2001-01-07,-15.853789291755767,-16.464549359925364,15.324138412997575,-11.751053697463892
2001-01-08,-15.660480295087236,-16.476109291126985,15.242723602128521,-13.594034327588528
2001-01-09,-15.911471192798416,-15.12126515308224,14.787493169543218,-14.950207731511304
2001-01-10,-17.36446427228038,-15.371688074849851,14.405687189154822,-15.443090762258532
2001-01-11,-19.481896506796147,-15.759416366729864,13.995611353277665,-15.421134873971086
2001-01-12,-19.71838500436302,-15.387069034396875,14.335974383555023,-17.543298108329502
2001-01-13,-20.418086635908466,-16.03326369824943,14.245937125228865,-19.361122043618614
2001-01-14,-19.010352435545823,-15.650463234775003,14.826902617321075,-20.311472992126237
2001-01-15,-19.20814806718144,-15.473149896090757,15.909944192991208,-20.04609185968286
2001-01-16,-18.666345940996788,-15.024269114512034,15.943405000747976,-19.81667154228357
2001-01-17,-20.19647685777091,-15.180329096109618,16.867420293552698,-19.98095330998375
2001-01-18,-20.09263402090695,-13.296231642084605,18.21934257662453,-18.572395631060083
2001-01-19,-20.52400244913743,-13.682926876812049,17.403281802145347,-18.915528830188034
2001-01-20,-20.843425758484393,-12.874095955754498,16.901001479127487,-19.692966376882826
2001-01-21,-22.26109348849222,-11.478325107873152,17.155499754874587,-18.985895971888073
2001-01-22,-22.660026374964882,-12.81623468618044,17.89025365326656,-19.161479989908734
2001-01-23,-23.96667648563486,-13.552142613284175,16.586438713692786,-18.633890800061703
2001-01-24,-23.84735164356177,-12.434841385567466,15.183028427932758,-19.933029151327432
2001-01-25,-24.279954552543334,-12.146061722394112,14.195903666139877,-19.094874223636314
2001-01-26,-24.011034862799036,-13.108194075486368,13.552329786234976,-18.872067619225984
2001-01-27,-25.479618549565604,-12.885477021790953,14.578686398030507,-19.563411238050612
2001-01-28,-26.31205467009433,-13.110772693199214,12.894953542245554,-18.617447013411283
2001-01-29,-25.938986087552728,-13.482303693523464,12.2004330781909,-19.048094216966373
2001-01-30,-25.296507709021277,-13.680122045225243,12.906741836493216,-18.061696562390058
2001-01-31,-26.72965460569925,-12.69264651259834,11.921798058048982,-18.25794459983795
2001-02-01,-26.13618418838846,-14.092237418217275,10.792664370202944,-17.383851895832443
2001-02-02,-25.82328716085846,-13.475772281718514,9.036218819966379,-17.859508330434682
2001-02-03,-24.8759165674006,-13.457411712649494,8.978713606200138,-17.62876088641151
2001-02-04,-24.1222252397987,-13.244247395821619,8.869921340339477,-17.96028256726318
2001-02-05,-24.199903585555287,-14.314970967774173,8.306225275985192,-17.717330585320962
2001-02-06,-23.2082183682709,-13.705412118081568,9.141238648125222,-18.47238009130897
2001-02-07,-22.849713749061706,-14.341160945848609,9.838333164551777,-19.72574136485996
2001-02-08,-23.301014270306897,-13.21689842817463,9.199952827009923,-18.807616405316587
2001-02-09,-24.034143051091604,-14.075194281946654,10.357182236252246,-19.907885689496744
2001-02-10,-23.75375435543005,-14.497996582648641,9.944531811082733,-20.581500547058372
2001-02-11,-24.79435421368605,-14.47261180943613,11.480309558070186,-21.119346877261425
2001-02-12,-24.737472993707367,-13.369547870279149,10.443954657363843,-22.77432908105128
2001-02-13,-26.32197262401968,-15.41360075365117,11.35455628478611,-22.51069130112498
2001-02-14,-24.89839351320598,-16.26387078115151,11.35824341393269,-23.13474213229887
2001-02-15,-24.810723326725956,-16.202157733989893,11.063504431216831,-23.588767559016308
2001-02-16,-24.011277588274062,-17.098809040977176,11.480919975073185,-25.379292396732346
2001-02-17,-25.144411788637658,-17.512340880524597,11.56932990322857,-26.103606108553052
2001-02-18,-25.25979168172227,-16.834570058992178,10.929352637570794,-25.48013757080502
2001-02-19,-24.569777307250927,-16.484433200121934,11.858586583996665,-26.457778898278168
2001-02-20,-23.505038998574236,-15.012622487169295,10.053860945648506,-26.082985324826492
2001-02-21,-22.693609916069637,-15.514127087277299,10.231823025311726,-26.266947804360495
2001-02-22,-22.16237935843295,-16.175492549187286,10.435354018269033,-26.12567658507771
2001-02-23,-21.50878472929113,-17.749388923964553,8.55192773056779,-28.550350338565796
2001-02-24,-21.20019491381199,-16.800797045489304,8.595810161479331,-26.156644766895607
2001-02-25,-20.278913158857215,-16.12460041396472,6.774534942543868,-26.97335285966872
2001-02-26,-22.550444077469013,-17.237726132430087,6.323717863977127,-27.81606813309354
2001-02-27,-23.09200550104986,-16.684037489415378,5.089403495345515,-28.684696956506894
2001-02-28,-23.611414006707847,-16.606862596951334,5.703335493687617,-27.098701053318084
2001-03-01,-23.186357577374253,-16.732201313019345,5.3921655075696755,-26.552649066375185
2001-03-02,-23.827534124177195,-14.768158741106598,5.257285185321135,-25.315138769975906
2001-03-03,-25.082987580890663,-14.235751533477885,6.5228421509998515,-25.790029630657273
2001-03-04,-26.53451897667635,-14.415149771427883,6.5693864878796875,-24.843734848661647
2001-03-05,-26.75325181712908,-13.60225071740836,6.23496973869255,-25.073354989582313
2001-03-06,-25.761877255097804,-12.95209295801593,5.316109538327511,-27.227333857703986
2001-03-07,-25.158274101347672,-11.60540486522912,7.2357915278002665,-25.07400449002566
2001-03-08,-24.53294573571902,-11.787986608234343,6.249234901543874,-23.017329326876776
2001-03-09,-22.771882608692955,-13.26037731827212,6.704098273987891,-22.380406557063203
2001-03-10,-23.995666833483927,-13.028402696665182,9.166783152293359,-24.088420610631
2001-03-11,-24.706311796137925,-11.898562123398639,7.529983016235178,-24.191013949085825
2001-03-12,-25.425959321649707,-12.706597763259053,6.049933414357024,-26.564180352384465
2001-03-13,-24.733596437939692,-13.639535029954422,5.203713354321668,-25.721852357701483
2001-03-14,-25.889930779354764,-15.439945155520384,5.526211785687256,-24.28754151590103
2001-03-15,-26.072355679260877,-16.20757945319405,6.407998400186588,-26.607023869077537
2001-03-16,-26.918698348166693,-16.016939884929407,7.523378625476538,-26.509702031627793
2001-03-17,-26.509135369227653,-16.274085149081785,6.024585072602229,-25.997151998657596
2001-03-18,-29.10871352945131,-14.669376086027333,7.336257473485909,-24.77587681439034
2001-03-19,-30.467773295546426,-14.352754203738876,7.355766667700447,-24.13111449983355
2001-03-20,-30.589672417592716,-12.871133094630885,9.040676056804564,-23.529372211859517
2001-03-21,-30.886686611464164,-12.456088504867841,9.748043642972208,-23.33276466365025
2001-03-22,-31.15741265278099,-12.509488179026706,9.675633050871095,-23.585771201576623
2001-03-23,-30.83979230484942,-12.02100709818979,12.054164476525866,-24.06710577347808
2001-03-24,-31.24946953861139,-13.475574874749249,12.713036206390914,-24.667533456264955
2001-03-25,-31.448534363977245,-12.447553326588883,13.005323731713446,-23.507544386292018
2001-03-26,-31.177496195397943,-12.558904737142779,13.960343724007124,-25.04636372370073
2001-03-27,-29.779861748627194,-11.983534450250234,13.465023962467619,-23.933459815218487
2001-03-28,-30.83727441345054,-12.422886122304943,14.133292738527127,-23.595006077259832
2001-03-29,-30.461841210058083,-10.323828116476816,15.174990463864393,-21.98654794240168
2001-03-30,-30.421560754956467,-11.153573522368944,13.917125050281328,-22.005216645656233
2001-03-31,-29.849165206438673,-11.517354209986745,14.729622855230033,-21.793380638566624
2001-04-01,-28.47684787060612,-9.741284319130854,14.047452328496377,-21.972664480864378
2001-04-02,-28.096857509123975,-11.17000629347022,13.557642234608206,-22.20490359003429
2001-04-03,-28.40043703809285,-11.315840867987397,11.807894436996076,-21.781812942505514
2001-04-04,-26.92584766017621,-10.720704245574039,11.67580138583758,-23.15683325284772
2001-04-05,-25.881144361050538,-11.829202679276927,13.146206549088824,-22.61500750414543
2001-04-06,-26.640659869138595,-11.970450119970133,12.365234991671645,-22.414156050330543
2001-04-07,-25.115329178874216,-11.543515660615558,12.200165554343398,-22.002226470752646
2001-04-08,-25.215153920952034,-9.958615452373161,12.374156793967371,-20.18084869263411
2001-04-09,-25.046700361004834,-9.423268714677322,13.4112049160123,-20.68313118656012
2001-04-10,-26.120558141468337,-10.337501307524615,12.870012663200615,-21.949104572078753
2001-04-11,-25.559443656969034,-9.253287134767382,12.698047015636675,-21.010577766477144
2001-04-12,-23.19043585233965,-10.323540319743842,12.60179663210854,-19.342520443224632
2001-04-13,-24.136794457919663,-9.073633683020448,13.472616008308998,-20.397552856246875
2001-04-14,-23.60559900718089,-8.64986830548782,14.369567226494436,-21.59509869112155
2001-04-15,-24.483401234930497,-9.08684491571057,14.73277961732299,-21.576103316414606
2001-04-16,-24.949618607181204,-9.694940642895391,13.003582790235681,-21.15477095808481
2001-04-17,-25.107507589617594,-11.082276523760422,13.670478187629165,-20.151838353594528
2001-04-18,-24.56980180336229,-10.321054107344441,12.600237535749178,-20.870975831154084
2001-04-19,-24.726848251439904,-9.409820523732897,10.110225898603776,-20.141233079742033
2001-04-20,-25.985734016644322,-9.236009511935109,10.738886779987109,-20.965814309992073
2001-04-21,-26.713851145490715,-9.410296978681108,11.20013252094803,-20.91986729651343
2001-04-22,-27.317366765718585,-9.25610704044913,10.738389284950705,-20.261655596293604
2001-04-23,-28.269631806640948,-9.417377683230145,10.244720871513723,-21.41083506766899
2001-04-24,-27.740000175450028,-8.169415891858392,9.172699992711328,-20.26086750198838
2001-04-25,-27.66661184887855,-7.405217555023823,9.959265610523481,-20.355961676154624
2001-04-26,-26.84523359680832,-6.828437570622401,10.674172264538019,-21.101534541294793
2001-04-27,-27.020483549268565,-8.654377171675096,11.54208619897333,-19.73518382137319
2001-04-28,-24.952166785357004,-8.083515946182851,11.0299359078761,-18.1962821459425
2001-04-29,-25.082167151739217,-9.009166352279653,13.256639581505826,-18.71176408856972
2001-04-30,-26.508672534465088,-8.89664062770835,13.324655073721809,-17.771450832264655
2001-05-01,-26.70518081601775,-7.575291970936179,11.784514560621055,-18.5369140314139
2001-05-02,-27.890077829610952,-7.648171252867757,12.482492497300461,-18.753854182670185
2001-05-03,-27.587860169260427,-7.386555810953465,14.454271815926408,-21.075707355321214
2001-05-04,-29.288890555552104,-7.104923660828636,14.83443814351333,-22.963968165051945
2001-05-05,-28.8610079819522,-6.299745645856939,13.69231440953197,-21.76674649118629
2001-05-06,-29.143199557994066,-8.365176915005275,14.71171773331837,-22.54075510921786
2001-05-07,-27.84919963689658,-8.389208325208157,14.888906352763438,-22.799698616263452
2001-05-08,-27.150736757925344,-8.90691774080598,14.968920228280892,-21.951288923090843
2001-05-09,-27.529894393544346,-8.961486717791459,15.091481796575582,-21.388842186181474
2001-05-10,-29.28808744358063,-9.027918991936216,14.239657305181302,-20.872986887589903
2001-05-11,-29.005956600177868,-8.390328478167044,15.695429283766101,-21.592829414107648
2001-05-12,-29.00882754930555,-8.267175791209237,16.147755627879395,-21.244870825926533
2001-05-13,-29.74048103007702,-8.746094161023413,15.940108464619993,-20.66215301480786
2001-05-14,-29.389901561095265,-8.380617407773222,15.000073878209689,-19.545599399288808
2001-05-15,-29.898012848764896,-9.421563580420848,12.62419851510154,-18.432550443307832
2001-05-16,-32.02626339417536,-9.704773037503546,14.538459171255205,-18.186382729011815
2001-05-17,-31.968167925056346,-10.018066709942202,14.719530864855237,-16.252940828019867
2001-05-18,-31.56360524636215,-9.716417826111089,14.859050569166566,-17.79120926728981
2001-05-19,-31.71905584632747,-9.70842836787389,15.342368175492647,-18.06018676124559
2001-05-20,-33.50569652840095,-10.117653572850964,14.602560087780683,-17.142806602497636
2001-05-21,-36.03005283451456,-10.400320750747474,14.54548306735483,-16.845205668081825
2001-05-22,-35.336378073288536,-9.415892812047888,14.5991491157985,-16.76090157657559
2001-05-23,-36.163733911617555,-9.2057908257194,16.095845843038276,-15.577900868016709
2001-05-24,-36.96678660729933,-9.302788065177273,16.875073409756425,-15.144890025050959
2001-05-25,-36.153418328042214,-9.451477807373468,16.525554000685478,-15.688841314273281
2001-05-26,-37.35024047879467,-9.11581860445659,16.077667950714968,-15.68176090022211
2001-05-27,-36.6580403983222,-8.753946259183405,16.335239717045773,-16.52488814839464
2001-05-28,-36.85520046407069,-10.11595941094847,14.775672409586658,-17.3999686162655
2001-05-29,-37.25346373693162,-10.51635285380043,15.331397465732731,-18.380263544006233
2001-05-30,-37.20239650873207,-12.352799057303082,14.812167883862086,-19.799334277180037
2001-05-31,-37.47590830223496,-12.52551351738098,14.379386050631876,-19.31243076499453
2001-06-01,-37.61104561602523,-12.564581699526443,14.334648089140426,-19.355781197296988
2001-06-02,-38.096108349095985,-13.956274726936506,15.114783220160708,-19.37075615496317
2001-06-03,-38.36708887364274,-13.846502612335184,15.704751765235043,-20.359044694452184
2001-06-04,-38.94219356037228,-14.381409081065485,15.101809258579134,-19.114526914803363
2001-06-05,-39.84732586702186,-14.470687793386368,15.269152043762237,-18.75988592828242
2001-06-06,-38.66744029068387,-13.84790064580789,14.479838134436385,-19.957619756844352
2001-06-07,-38.83837073509655,-14.476616854225274,13.36136337863579,-20.801043429687358
2001-06-08,-37.748259658603914,-15.444002939511005,13.185162615662994,-19.301260478862233
2001-06-09,-39.729017811863386,-16.635747786640792,12.78384329198643,-17.526481517841034
2001-06-10,-38.91588078026568,-17.873984962377904,14.136402298554081,-18.507736566088056
2001-06-11,-37.684234139421285,-18.558362993948702,12.97429784288742,-17.909007697886505
2001-06-12,-36.07899544977923,-19.997675106479207,14.50574844709252,-18.296796081420684
2001-06-13,-37.088198460707545,-21.169407039487982,14.309016064695147,-17.92932862174346
2001-06-14,-34.89788219003781,-20.858454391828044,14.274273439499934,-17.457021210503456
2001-06-15,-34.390108042674136,-21.183556663585392,13.827947151883254,-16.393318098448752
2001-06-16,-35.7203757875122,-20.93242008938352,14.406524044338761,-17.771194697563626
2001-06-17,-35.173483957098966,-20.73343979858008,13.754839176119415,-17.216559392087984
2001-06-18,-36.90846818168734,-20.627436190830664,14.283828302692227,-15.980824091341185
2001-06-19,-36.22788886966926,-20.718767949519357,14.419561629348964,-15.525363519072487
2001-06-20,-36.8840131428351,-20.40038177335095,14.552794377093184,-16.052056862599034
2001-06-21,-37.099617386798286,-21.019224820288272,14.149979765444689,-16.000324915390856
2001-06-22,-37.32081152445448,-20.548200262686986,12.840691918610888,-16.22451075459298
2001-06-23,-36.69584924663543,-22.51737288923192,13.561151861051835,-15.293524554347549
2001-06-24,-35.98869913369517,-23.190253264478603,13.960809239395353,-14.953919445917593
2001-06-25,-36.573477559534986,-24.891769200656856,14.199544817731908,-14.959060918872298
2001-06-26,-36.79796288262618,-24.400753255055562,15.905638496083236,-14.796284296822732
2001-06-27,-35.89164658977004,-24.569988914131375,15.958512943808516,-15.280357724990376
2001-06-28,-37.13323024249231,-24.445856807904107,15.240283642612605,-14.713577280855395
2001-06-29,-36.51650564112414,-23.001366875929673,14.607336790605638,-15.404850900197335
2001-06-30,-35.568786175071786,-23.491122493354624,14.656496811028033,-15.601684786951052
2001-07-01,-35.221480321136255,-23.946905160877833,13.946021423267082,-15.580373696698251
2001-07-02,-36.3033614583985,-23.414948169447296,13.21432789294741,-15.73673147695974
2001-07-03,-36.85329021661186,-21.973675526610204,13.714561674929174,-15.034381172135673
2001-07-04,-37.50069159326491,-21.858490508782484,14.427199666828866,-15.05807385133803
2001-07-05,-36.86965276707948,-21.893171245959245,14.884164061378655,-14.397375594029572
2001-07-06,-36.57363185515539,-21.67596955676161,15.86248835367216,-12.675717018560988
2001-07-07,-36.29719365819993,-22.457907188458197,15.08065958491191,-13.487694571689078
2001-07-08,-35.60174435328766,-22.407985964564652,15.10042039703468,-13.651937162376887
2001-07-09,-35.75733737576665,-20.740882436961712,14.62583627088557,-14.674776116431165
2001-07-10,-36.78446612218169,-22.204739056702255,16.89395494088796,-15.145014759192588
2001-07-11,-36.39333949530117,-22.522951142879123,16.403038504984625,-15.29963611070166
2001-07-12,-35.33743627983373,-21.422384406665994,15.813891121348401,-17.567760127223718
2001-07-13,-36.905949082222556,-20.51512138751557,14.348289809931272,-17.29770404467863
2001-07-14,-37.65731962528146,-20.885373986409512,13.27840273548522,-18.971387222059256
2001-07-15,-36.63684905876526,-19.284343551346524,12.795781710388674,-18.374755291300193
2001-07-16,-36.07152201816728,-18.06144524049854,11.818149193351186,-16.803145969314784
2001-07-17,-37.59271815903519,-16.961308080841597,10.44330698871858,-17.486932392211365
2001-07-18,-36.406269535505174,-17.32417933592679,10.70185470565469,-18.0403431209004
2001-07-19,-36.49769116175848,-17.480525765679303,9.498450082495621,-17.24606443302004
2001-07-20,-36.201980379466356,-18.96193788649512,10.462001694670233,-16.934469345117495
2001-07-21,-36.33369089797247,-18.436925965966633,9.419975086657985,-17.16896054767613
2001-07-22,-36.29035931307295,-18.582121779662288,9.973145026027465,-17.17023696928163
2001-07-23,-37.1735082076571,-18.360707854439315,10.086008210957537,-15.859744587481723
2001-07-24,-35.56565528724956,-18.434407920675337,9.915913039018157,-16.367123622076747
2001-07-25,-35.40636648651083,-17.723556596649704,9.517510614901004,-16.4650983704563
2001-07-26,-35.690542114454786,-17.18291306973989,8.940956911861448,-17.575524038804872
2001-07-27,-35.13188097241051,-16.622405502589633,9.074248161007425,-17.122272592041128
2001-07-28,-34.70791359083809,-18.264333611519135,9.078171054504732,-18.837928083979897
2001-07-29,-36.0393998649935,-17.589511638920623,9.361924792489116,-17.889456791709577
2001-07-30,-37.401786719360736,-18.57892785619892,8.53850637756499,-17.129849119895933
2001-07-31,-38.867056595579896,-20.177433615700984,7.433883505151828,-16.676188530335548
2001-08-01,-38.61576707693741,-19.692621438408317,7.950668530527746,-17.11399887799478
2001-08-02,-40.28592562528467,-19.160483918581605,6.855540286433408,-16.181348747325757
2001-08-03,-40.087802820433886,-20.14943415753676,6.69825791374025,-17.552681767378413
2001-08-04,-39.80145886435629,-19.100914646520437,6.378532560048673,-19.398947561954728
2001-08-05,-39.99525936127374,-20.480924347073607,7.267738461661437,-19.517003470395277
2001-08-06,-42.57725359066334,-18.742336586617725,7.266052168483068,-19.887616893938553
2001-08-07,-41.246915178815804,-18.438872801207335,6.460465967519903,-20.8746465241874
2001-08-08,-41.68487981606086,-16.70306470350263,6.663834587186532,-22.22105752643028
2001-08-09,-40.79433450224917,-16.68562154028784,5.266868688815919,-22.64830388902727
2001-08-10,-41.48698902154408,-15.4551732912373,5.930939598023785,-21.080664466884308
2001-08-11,-42.62490742756657,-16.07154798504954,7.653148966987428,-21.775377967364896
2001-08-12,-42.279778682893095,-16.260820642082805,6.251214909034862,-23.055901020226933
2001-08-13,-41.54034881631433,-15.928901728965403,7.303781798079229,-22.460133207099982
2001-08-14,-41.98166462980432,-16.163848452020837,9.390123760101595,-21.939627066431825
2001-08-15,-42.70168216030446,-17.733071108703644,9.205933173900835,-20.896305450448068
2001-08-16,-42.55631173307551,-18.66404881044772,10.74137145550981,-20.597988369621447
2001-08-17,-41.99223248440453,-18.44641236951637,10.391558027407118,-19.15201996663026
2001-08-18,-41.49560557980402,-19.285745388936817,8.163091781187696,-18.874298432947054
2001-08-19,-41.99225579093495,-19.578791928375793,7.022553999444094,-19.098431335447422
2001-08-20,-41.16419492049697,-20.180387420100846,6.807930660139627,-20.416748909750215
2001-08-21,-40.0540785871781,-19.89150310985775,6.4439004817906955,-21.344136520829206
2001-08-22,-39.86858806996134,-19.666315565415598,5.444464452926432,-19.408159218045697
2001-08-23,-39.89610491941281,-19.679521321737802,5.700286755089551,-19.89133400118013
2001-08-24,-40.12714383626786,-16.712859289055416,5.147991486550062,-18.90550668527053
2001-08-25,-42.2557178146092,-16.761837171254278,4.624682229447479,-21.571817662435826
2001-08-26,-42.1118483277427,-16.560922100996578,3.2800864208134763,-22.86209537631454
2001-08-27,-45.32983750443356,-16.614350928832863,2.846924396259829,-22.468674592299728
2001-08-28,-45.270760264596184,-17.78519863223153,2.5509703774387353,-22.066274945143597
2001-08-29,-43.30054870105974,-19.270209725126534,3.077991643163026,-19.42092763495304
2001-08-30,-42.67604916596189,-18.687381242958846,1.1971723290667706,-21.34152650445918
2001-08-31,-41.78313737262842,-19.49938159787346,-0.6723840672793127,-20.549616363895343
2001-09-01,-41.14302114928829,-20.01786123116233,0.7124729156529526,-20.523932521502285
2001-09-02,-40.32185267849981,-21.18670338061508,1.0472347303942247,-20.01341901366588
2001-09-03,-39.90011625095336,-20.59927478738245,1.9059042817386247,-18.22777926155366
2001-09-04,-40.82711342897858,-21.489791330652654,2.9990334049976872,-16.92371330134432
2001-09-05,-43.32636736450155,-21.456820230946988,1.819845745408909,-15.969159422747763
2001-09-06,-42.823958602999085,-22.13577533905586,2.0639849077601515,-16.386205828123884
2001-09-07,-40.73978125662185,-22.42847547210959,3.008920967849866,-16.55006362056341
2001-09-08,-39.90124164278436,-23.74941557216842,0.8178833159032948,-16.410538166977265
2001-09-09,-39.61987492217003,-23.844576274450674,1.3165712431139038,-15.782033717473743
2001-09-10,-39.77490977793654,-23.886060987779363,2.9602731927449257,-15.558379807077365
2001-09-11,-40.392686054688475,-23.74590611784086,2.89714234231265,-15.480251798035153
2001-09-12,-40.73111918933216,-24.782395988782138,1.6803531498991873,-14.680239905617551
2001-09-13,-41.7473931863994,-24.63077890498442,2.2804678595261088,-14.813506186259842
2001-09-14,-43.207924950167275,-24.832997745191843,3.5768856221053893,-15.042675880299072
2001-09-15,-42.30082173887203,-24.04536838861429,3.9158351469949917,-15.697124057710198
2001-09-16,-42.770053820081024,-25.31296990113757,2.543326223557525,-16.766923275307132
2001-09-17,-41.99609131134353,-24.56204865966758,3.1019711180427585,-19.82061268219646
2001-09-18,-40.67486467491768,-25.172342528649125,1.6621454006863958,-18.860701910983245
2001-09-19,-41.943817652764324,-25.24942172412955,1.4845896833578258,-19.599867959634604
2001-09-20,-42.516688557930905,-24.471922012377092,0.009507540883653132,-19.071626087021162
2001-09-21,-40.64749084545353,-22.25651233731546,-0.8434914526821847,-19.643854843188997
2001-09-22,-41.71050337030996,-21.984355333855696,0.004221233298013827,-20.598964767514094
2001-09-23,-39.56007926588138,-22.623926914787223,0.4678444896741965,-20.040858450301254
2001-09-24,-39.36623336698771,-23.40226351739106,1.0878304640426255,-21.302861364095115
2001-09-25,-40.18266958203451,-23.227260585171496,3.3404478394123602,-21.10215271297094
2001-09-26,-40.28976308965205,-23.219903491949296,3.9559086266873056,-19.723168342462575
2001-09-27,-41.5706298544579,-22.340244660138197,4.584782219513636,-19.16173504798344
2001-09-28,-40.78599976878737,-21.56326757418058,3.0978423112862563,-19.060273542237848
2001-09-29,-41.91855389499607,-21.075821544679975,2.068662824825858,-17.45663719106722
2001-09-30,-43.50375393296983,-19.863908344237966,0.5579508063853462,-16.792933920251595
2001-10-01,-45.379742974453144,-21.878986824595245,0.8285913117882532,-17.23799086378928
2001-10-02,-43.91697966233135,-20.619169116014515,0.3080324514172177,-17.42983232858571
2001-10-03,-45.09305982254355,-21.07324873925768,0.2007838714214203,-15.761070667683217
2001-10-04,-46.361806597873816,-20.459420681042424,0.06526428092270606,-16.41962969860695
2001-10-05,-45.188743962397545,-20.944304080793515,0.9956139291505638,-16.676145753151282
2001-10-06,-44.78903118107884,-20.174523420787654,1.4998550321966162,-16.118694556758665
2001-10-07,-45.45048904592448,-19.34096059863734,0.5528845735710991,-17.815281127686042
2001-10-08,-44.50770062403894,-19.929841885673817,0.3552841292633032,-18.300794306374893
2001-10-09,-43.19559914952266,-19.648469492667477,0.8417445571958868,-17.738722596638734
2001-10-10,-44.697293897527096,-19.45486670039404,2.3584090797643222,-16.753231458507912
2001-10-11,-45.729916772622644,-19.231974982464553,1.291996296603067,-15.660774768094205
2001-10-12,-43.57739810165809,-19.889695676472936,1.0698480711960727,-14.984962636452552
2001-10-13,-43.89023021140971,-20.0937749856531,0.8500501069435866,-16.12639024921473
2001-10-14,-44.36271187555553,-21.06981084616557,1.0680280379504814,-15.991448050747112
2001-10-15,-43.88886647234604,-17.15505313814412,1.1174044639270697,-16.875165276942298
2001-10-16,-42.06057757927469,-17.205962162955135,1.090857258232756,-16.09432764091706
2001-10-17,-39.84532221402556,-15.066936238083224,0.4643758456703374,-17.1780558726074
2001-10-18,-38.26382951313937,-15.103429314401971,-0.3736799289979623,-18.80209997205275
2001-10-19,-37.882259681484406,-16.019942849971855,0.058170895625505814,-18.748261142980187
2001-10-20,-37.6565550939296,-18.19078996548816,1.1768547266650593,-17.314834293726687
2001-10-21,-36.75498555665409,-18.438523255197953,0.3846196110300376,-18.528092454199836
2001-10-22,-37.21039020150455,-18.640541475617514,0.7078403035102223,-18.12963959072083
2001-10-23,-37.337660234964986,-18.167430926001867,-1.1042485104812125,-17.74001268366639
2001-10-24,-37.39234822048742,-18.433854964773847,-0.13421233038021663,-17.452033707980615
2001-10-25,-36.996596856700634,-19.286784075631566,1.0690371776378336,-18.678021931316607
2001-10-26,-37.32767625366387,-20.23052651682931,0.8097653330043346,-19.159015792045516
2001-10-27,-37.64184201554288,-21.47583783567635,1.4067335461593564,-18.25873328310922
2001-10-28,-37.62744531816762,-24.496372376479,1.3985693305706834,-18.72172802658702
2001-10-29,-38.848024686612426,-25.87350598171938,0.5675171711452774,-17.73964374225828
2001-10-30,-38.996704972868336,-25.97336109024222,-0.13370659242642802,-17.560881585737327
2001-10-31,-38.54857626241281,-25.04924835055832,-1.3449460016535368,-16.633233494108744
2001-11-01,-38.87921144623092,-26.187447729582345,-0.7625536093570188,-16.28928735506763
2001-11-02,-39.045803887242556,-26.27980225286795,-0.13970303242768423,-16.074076195795225
2001-11-03,-40.81203460180607,-25.908253019527088,1.000164888012557,-15.763192842063322
2001-11-04,-39.55083892066042,-26.54491738343144,0.1702853507761516,-13.862404669082595
2001-11-05,-40.906538858449856,-26.9130361120496,-0.24639122558893584,-11.997829552311536
2001-11-06,-40.71328395479728,-26.274061367876772,0.08349276426724506,-12.012078862293505
2001-11-07,-40.305606278437324,-25.37342068103692,0.2034956663781146,-9.84573621108374
2001-11-08,-41.7656211131719,-24.560815077254805,-1.491728296444057,-11.048116726665835
2001-11-09,-42.0630810789184,-24.20078046010902,-0.3058215732364895,-8.071631290720422
2001-11-10,-41.91601346373564,-24.87702559903793,-1.5603078922182805,-7.240174790382783
2001-11-11,-41.569484408022554,-24.192811508882965,-1.303438374599029,-7.340951994354463
2001-11-12,-42.571346723167444,-23.336897130276142,-2.361365648126874,-6.916943346977629
2001-11-13,-43.24382177642571,-21.597200108350872,-2.945032995382002,-6.344260987683563
2001-11-14,-43.73884425255212,-22.766245345937588,-2.1528732185999377,-7.9348400753129305
2001-11-15,-41.93785883801969,-21.775744095971127,-3.222969489250798,-7.873815788371533
2001-11-16,-40.67865209492441,-22.08177906972388,-2.9330845230086133,-7.832606725100844
2001-11-17,-41.70485932771557,-22.062549548939664,-2.4161359408555922,-6.4208901654084665
2001-11-18,-41.23532165230935,-21.409568651738415,-1.2679887404954455,-6.652484850833051
2001-11-19,-40.529887020677315,-20.923278341998387,-2.098172083071357,-5.2764514388096035
2001-11-20,-41.08223670971129,-21.65406768394441,-3.130831879594049,-5.640314165146693
2001-11-21,-38.10426725518332,-21.58589441759301,-1.438741422331443,-5.89938988182845
2001-11-22,-38.72107773866014,-23.142492250826123,-0.4926325359841812,-5.827060381903304
2001-11-23,-40.23681945387091,-23.289435473336486,-1.7332020234632495,-6.095478225086863
2001-11-24,-40.19581210655966,-23.941177214452573,-0.9010638772886115,-4.9097310734153785
2001-11-25,-39.64659976752069,-23.669857202784872,0.6057336306329135,-4.859165142305811
2001-11-26,-39.42555022987733,-23.464520773625296,0.8225790158597529,-4.431727857291219
2001-11-27,-39.4576714814979,-23.17002504772853,0.9383503028727233,-4.001612044270931
2001-11-28,-38.85809808077003,-24.602363034390464,1.191086112904764,-3.7501551638207693
2001-11-29,-38.14333507922084,-25.63819970075699,1.432357078856976,-3.767273257988895
2001-11-30,-38.52763063292531,-25.92009229983241,0.13464433113960061,-4.091608663866179
2001-12-01,-39.007429945242215,-25.798428546710685,-0.2069938944620941,-5.349739206735961
2001-12-02,-37.141010946889125,-25.138301992389874,0.040179734739699685,-6.68916068853287
2001-12-03,-40.03016148194007,-24.58467323816264,-0.796549488595939,-7.373081325508344
2001-12-04,-38.337398841794446,-24.45912238852742,-1.8608854634672403,-7.424782403556662
2001-12-05,-37.86914222300728,-24.083846321064755,-1.7788938096382552,-7.244034526772094
2001-12-06,-36.438754798094415,-24.62548069177658,0.0508891184325857,-8.332126045958837
2001-12-07,-36.68856356598597,-23.802972826901005,-0.1197388833732298,-8.039263273374385
2001-12-08,-36.17668227562007,-24.28688826579218,-0.6728247105423136,-8.810048358074733
2001-12-09,-36.0982940919083,-23.639520350749684,0.6598503983020317,-8.825655259544417
2001-12-10,-36.80440008434978,-23.609694676079265,-0.2608047609345029,-7.886936983530813
2001-12-11,-36.179139366052155,-24.216175590235395,0.14461390092894466,-7.583562229303512
2001-12-12,-35.591286091982056,-25.499021388657653,0.18517635784905878,-7.602975068858058
2001-12-13,-35.60503020010937,-25.071925562416478,0.019523990044045064,-8.855018901260854
2001-12-14,-34.668219721866436,-26.3445128562218,-1.8912417187661759,-9.205249194762976
2001-12-15,-35.56070656846361,-27.377678956599258,-2.5359177343065937,-9.5122732680389
2001-12-16,-35.27232190489398,-28.022382681849173,-1.950304904545777,-10.21964622030011
2001-12-17,-35.175457723706124,-26.774509911732476,-1.192720338011862,-10.531690686294052
2001-12-18,-33.60680721645869,-24.20108081960374,-1.3204681087752772,-10.851581906281512
2001-12-19,-34.72911918045689,-24.28043378542714,-1.0978260065588679,-9.153689278668926
2001-12-20,-36.30425120046703,-24.382640418911993,-1.9219344602123303,-9.599748135732526
2001-12-21,-34.7732520615104,-25.21025253832059,-3.141263898886601,-10.117067337067432
2001-12-22,-35.734618598634434,-26.00327777863984,-3.0427821170166363,-9.397154747737442
2001-12-23,-36.302961790092496,-24.582315077830327,-4.175787223586957,-8.661795361670029
2001-12-24,-36.2152881422944,-25.083477433423035,-3.7728880496238113,-9.062320201989138
2001-12-25,-35.775169502641674,-25.1947795738221,-3.8057049397673803,-8.450945505053715
2001-12-26,-36.02459964143124,-28.10110983455795,-3.4782849688712454,-10.029328684925943
2001-12-27,-36.727257983087384,-28.655707606194373,-3.557391611606948,-9.35200692360838
2001-12-28,-37.567171405540755,-29.252154951129782,-4.63003889760544,-9.445334125985331
2001-12-29,-37.78375076616601,-27.58302928648936,-3.9297675591539853,-8.668538741382067
2001-12-30,-37.63114968963384,-28.37659862402161,-5.8824360883373945,-7.847056751589535
2001-12-31,-35.75132179348887,-28.857158471590488,-5.005286566058211,-6.872613033084999
2002-01-01,-35.89231465452172,-29.220305775199133,-3.961228702587851,-7.967116004484467
2002-01-02,-36.12283061831072,-29.992745657063423,-3.7814946494122417,-8.294275497278893
2002-01-03,-34.69791927162675,-32.02859347523818,-4.308833839787612,-9.028983990746314
2002-01-04,-34.34400081799412,-30.686035146178597,-5.824173277825544,-9.608732091284406
2002-01-05,-33.98412491492317,-30.936349132583796,-6.247113699445583,-11.6101684392259
2002-01-06,-35.51826077886276,-32.09508744122408,-6.675973350108308,-11.914354256049974
2002-01-07,-36.58607393844095,-31.138552985624884,-6.930435027895481,-11.287903878616069
2002-01-08,-36.95783849460807,-31.88908193255368,-6.594787740042545,-10.927509157594928
2002-01-09,-36.35261435505358,-31.724952496477655,-6.669311929890166,-12.571351232990816
2002-01-10,-36.7521219733991,-33.090155453447075,-6.374673465116535,-12.212571281269556
2002-01-11,-38.43434627789408,-34.25273475709086,-6.461080868024999,-12.393664149017008
2002-01-12,-38.378364893869474,-33.715411548177464,-6.723971983522593,-12.315240540127977
2002-01-13,-37.85296766169086,-34.06635660072056,-8.020795086342039,-14.467743482542144
2002-01-14,-36.41477055552526,-34.75238479520389,-6.193486043722711,-14.489668521059201
2002-01-15,-35.50067949025685,-33.64425462983738,-6.136704880336193,-13.304868136907102
2002-01-16,-34.24322075496603,-32.48313107995201,-5.908605650220689,-13.543237098524584
2002-01-17,-33.50477696672957,-32.52507933837858,-5.540214878557632,-13.74879081322399
2002-01-18,-32.206222396024074,-30.317329658674232,-7.112473143947097,-14.080112153592069
2002-01-19,-32.20127820228354,-29.062112743283713,-8.278087992561293,-15.14740624258286
2002-01-20,-32.35507686997959,-28.275146287753667,-9.334094159634828,-14.721161628445165
2002-01-21,-33.53820423430244,-28.46439751557829,-9.911771738224552,-16.128919688275246
2002-01-22,-34.44398049228679,-29.46620427614994,-11.277261166312321,-16.16892557559009
2002-01-23,-33.066346279036715,-28.69402847116438,-12.548712958299184,-17.291802110061383
2002-01-24,-32.997020879176894,-26.28008154077357,-11.761409350951395,-18.049963477400826
2002-01-25,-32.840403765269066,-24.150035060659484,-11.589260155829567,-18.219453764250304
2002-01-26,-30.550326934260642,-23.8581336615531,-11.470295641677367,-19.16542499676919
2002-01-27,-30.594568055755786,-24.670760539231008,-13.159115757561606,-20.529468422855178
2002-01-28,-30.301555234725402,-26.24430553150392,-13.7958508052329,-20.60119141122879
2002-01-29,-29.691239240778952,-26.41140565001579,-12.801790892292694,-20.264343125480067
2002-01-30,-31.671292659284827,-27.403812802081372,-12.31756766047453,-18.767404315832767
2002-01-31,-31.74804277688908,-27.11986893047789,-10.951499818300597,-18.64131988178535
2002-02-01,-29.00623487493196,-28.09536333471187,-10.758990181088992,-16.97737212350874
2002-02-02,-29.323875334002967,-29.287843194294172,-10.182087548588791,-17.06721095658977
2002-02-03,-30.435951612046736,-29.401684434487926,-10.040969375254598,-17.041593219452256
2002-02-04,-29.445876810453754,-29.06355411183355,-8.792399699853494,-18.20766854916849
2002-02-05,-28.870288063475666,-28.007024813135224,-10.037149845327345,-19.47950015492781
2002-02-06,-28.66029364643405,-28.971363184788117,-9.12626358286219,-18.175211485285086
2002-02-07,-28.756538603350744,-29.05347419108842,-9.95277116926049,-17.544168901661013
2002-02-08,-27.32524020786898,-28.364328649930194,-10.417879656713746,-17.641782310639254
2002-02-09,-27.29986447402659,-26.54805482076465,-8.824249527884628,-18.390918567779217
2002-02-10,-27.780312582446676,-26.112317599577,-7.948520985999301,-18.871722233958582
2002-02-11,-27.06070645929211,-27.219196556861853,-6.888307285667531,-18.846623474155802
2002-02-12,-25.832908469755576,-27.11326460895826,-7.224895899074984,-18.63556795862123
2002-02-13,-26.317916409738803,-26.50587706487522,-8.384759652878257,-18.582370909077834
2002-02-14,-25.55096543444244,-28.788737190988783,-9.219002914198427,-17.501592516693393
2002-02-15,-25.26734612143008,-29.648988083252778,-8.87473564250643,-17.04712818243738
2002-02-16,-24.58844793281097,-30.045284467297336,-8.76147212942516,-15.392549712413109
2002-02-17,-24.609658732166913,-31.687704820863093,-11.607485816246475,-14.234371429781115
2002-02-18,-24.971328580652433,-32.38576243643705,-11.86103005490596,-14.144600640351735
2002-02-19,-25.223142199388455,-31.476805214795508,-12.964743423264226,-12.673870614558997
2002-02-20,-25.468659860366575,-31.252278400066814,-12.337874937307863,-13.153814731943452
2002-02-21,-24.806166276421273,-31.414765302386044,-11.233442602391449,-13.633710236701134
2002-02-22,-23.661577235076845,-31.087788565641,-11.559856027866696,-15.514970088168294
2002-02-23,-24.39327536804821,-31.508756679288155,-12.201608697445108,-17.07855013088936
2002-02-24,-24.903771109882243,-32.554529765414614,-14.66683650312418,-16.894123551988454
2002-02-25,-23.96012198589334,-32.24669570367015,-15.642331112979877,-18.998780601157183
2002-02-26,-22.737426267475534,-31.55649023540688,-16.012209035182565,-19.442768608666253
2002-02-27,-22.313184387302364,-31.389324024899867,-14.247259509577674,-19.215391329860125
2002-02-28,-22.998425889145917,-30.498201507570354,-13.128858610568493,-19.8137596064827
2002-03-01,-21.37818120389983,-30.4505467153123,-12.912305705430501,-20.961145711289355
2002-03-02,-21.33949414635791,-30.570707963519688,-12.452173941244713,-21.715693252658962
2002-03-03,-22.374749647859794,-30.30042571606445,-12.358326084472854,-20.80328738926427
2002-03-04,-20.46136833989423,-30.582887671068942,-11.735034636894419,-22.186919005969315
2002-03-05,-22.257542523092912,-30.800590818769358,-12.297653607615707,-21.08170528308797
2002-03-06,-21.322021517686363,-30.21504596220949,-13.432690703062233,-21.061521050780186
2002-03-07,-21.059945229756707,-29.43684419948823,-12.203048100747955,-20.181163362644696
2002-03-08,-22.345035724836997,-29.952280730328578,-12.11278824992538,-21.92103146446435
2002-03-09,-21.973153762526103,-29.948990494107726,-11.752694777226413,-23.35432215934027
2002-03-10,-22.06956681042324,-28.596703584518483,-11.263998248082185,-22.42177228177437
2002-03-11,-21.90894543586757,-28.77878222105498,-10.71598080261147,-20.300204011364794
2002-03-12,-22.3791422784607,-27.22361256110575,-9.573948682193848,-19.30532245571975
2002-03-13,-21.85591451594388,-28.05993396852614,-8.360764758632017,-17.675855699061152
2002-03-14,-21.160374310943297,-27.8117799226999,-7.036385502631017,-17.296258330060745
2002-03-15,-20.431059703163434,-27.80014186390756,-6.319349785755448,-16.52576227663155
2002-03-16,-18.638419073527537,-25.670374504622284,-5.2770421294401455,-14.269164480233519
2002-03-17,-18.57870420775218,-26.13785489363577,-6.605600975775167,-12.215746619715762
2002-03-18,-16.804278231256305,-25.01297231450265,-5.431432159722177,-13.787162922418727
2002-03-19,-16.667160667118,-26.154723058013726,-7.1279996879185505,-13.244149257216831
2002-03-20,-16.727168306404455,-27.330696171489013,-7.588524412099241,-13.51134239520633
2002-03-21,-15.611047034122848,-26.66930828476615,-8.377146946685057,-11.680075333185512
2002-03-22,-15.936179807812879,-27.82806864324073,-8.276794974158788,-12.18018875222173
2002-03-23,-14.249699148853495,-29.747954106828942,-8.355995158769984,-12.163744106008538
2002-03-24,-14.446410878588827,-29.903459700433125,-9.835071094578556,-10.598936940216658
2002-03-25,-13.932336350998602,-30.664734578337242,-9.518086150792756,-11.771868405532572
2002-03-26,-14.502608346517148,-30.065076135882222,-9.20413225385111,-12.227995796242595
2002-03-27,-14.333772447674933,-28.199582492128457,-8.425553580471574,-12.547766984460159
2002-03-28,-12.317118930231562,-26.281069354260925,-9.791155328916648,-13.08081842229928
2002-03-29,-12.540699430321757,-26.92192547273147,-10.974486587199678,-12.882870975728835
2002-03-30,-13.56458379076256,-28.44973782199017,-10.521017516025612,-12.510655951288365
2002-03-31,-12.834847115950542,-28.588575326716352,-11.366298024927827,-13.932661826402992
2002-04-01,-12.457459462209322,-26.464540976011,-9.857726006159448,-12.510579251007059
2002-04-02,-13.33974674677312,-27.144321091402542,-7.194640625115103,-12.25203382016451
2002-04-03,-13.783920393353467,-29.09468384050572,-6.7407869923469725,-11.014019531682985
2002-04-04,-13.238638274627988,-28.563444244179514,-4.125905630645885,-9.036690128938245
2002-04-05,-14.729412238524136,-27.53468563469976,-4.875807655022339,-8.65901130099192
2002-04-06,-15.743279797657982,-26.535641342296508,-4.389033341303521,-8.362522123776317
2002-04-07,-16.753741338647036,-26.527679345530537,-5.2934452020912985,-9.469230953811547
2002-04-08,-17.712207813203538,-27.15124392172373,-7.6798939965012885,-8.49480542093101
2002-04-09,-17.38601239923805,-27.58262616944303,-7.647992687676697,-9.01958577031235
2002-04-10,-18.81224502601959,-26.540891324479492,-8.393918886823542,-8.72594357001396
2002-04-11,-18.2944794370826,-26.982564350513385,-8.373344282510745,-8.646671317633208
2002-04-12,-18.348877044824334,-26.068993389232187,-7.463580845429016,-8.534584990846207
2002-04-13,-17.670855386514692,-24.40492338049704,-6.982355263059743,-8.024282801139341
2002-04-14,-18.08817665871917,-24.54949342558187,-8.227921923075499,-7.956820107931093
2002-04-15,-17.362241838555864,-25.221494148741638,-8.137903376046596,-6.96054359044162
2002-04-16,-18.456358169424348,-24.375806681847457,-7.705250597968762,-7.203128726744251
2002-04-17,-19.984362659948875,-24.562006469469978,-7.037029282931758,-6.2516116992761415
2002-04-18,-19.699922052950917,-23.294711249971414,-8.550656842319809,-6.395843053916296
2002-04-19,-19.36266026691902,-22.925783103712593,-8.19411035708865,-7.275849520505442
2002-04-20,-18.163246944114178,-22.711601354199484,-8.146830105758914,-5.745841436604421
2002-04-21,-19.2774879281385,-21.75513816615357,-8.872770471655762,-8.205096037403223
2002-04-22,-20.61989027774571,-22.604518183247418,-7.1934446717145715,-9.011069774626419
2002-04-23,-20.497095162977498,-23.68910906419251,-7.885205532892005,-8.184715663632353
2002-04-24,-19.346594734801037,-24.350293545256523,-7.449117966199845,-6.205556798676662
2002-04-25,-19.214430748802858,-23.710505008847445,-8.898121829458448,-6.167773452964602
2002-04-26,-20.64845423655092,-24.58109583893069,-8.989544844907574,-7.583607061280537
2002-04-27,-20.74697421972713,-23.95054349337624,-8.322811177925288,-7.276747442952446
2002-04-28,-19.984194995991672,-24.363711159746806,-9.0521190783471,-7.99061202140825
2002-04-29,-21.01258062297164,-25.119210788639574,-9.885497027405586,-8.452523531851854
2002-04-30,-21.073121631479836,-25.182746804029016,-9.215285537142565,-9.792456530702708
2002-05-01,-21.311648325775863,-26.443554271323183,-8.558551089645817,-9.708607603909117
2002-05-02,-21.09616703521356,-26.835967065888983,-8.728911831742456,-9.762129975875293
2002-05-03,-20.089870243712888,-27.185308613751168,-9.495913354781878,-10.665714833497159
2002-05-04,-20.17979080674015,-26.11919331899316,-9.57495035288115,-10.583043098397495
2002-05-05,-19.979250717773752,-25.817839549983088,-11.335552293435239,-10.860527736203721
2002-05-06,-20.169812506148105,-26.133521482693265,-12.272842286229197,-9.32606946565192
2002-05-07,-22.23201832951127,-27.319600472097036,-12.24955164420417,-9.527434941464941
2002-05-08,-22.703596110262122,-29.018825253794773,-10.554511746943335,-9.632086301028497
2002-05-09,-22.12313321318566,-30.1356161791541,-9.633555527244747,-9.542932337759716
2002-05-10,-23.084642213840716,-29.143195773684067,-10.610134933065837,-9.419592433192166
2002-05-11,-23.1456737122473,-30.62614515267888,-11.896884792506427,-9.127173085594979
2002-05-12,-22.086057886931076,-30.7694773310963,-11.37983286427485,-8.303475951757674
2002-05-13,-23.14010675383196,-31.928035642737218,-13.521289121069271,-8.174017689426014
2002-05-14,-23.462689129756814,-32.102739131164704,-14.3673035248303,-7.966283432922587
2002-05-15,-22.432023659895158,-32.69941278786462,-13.787001332468517,-7.608525455771027
2002-05-16,-21.928379875451633,-32.10673040625174,-14.326871005705655,-7.98062843184933
2002-05-17,-22.959264204236643,-31.86254107840075,-14.38745835989418,-8.109753871698475
2002-05-18,-24.633184123760074,-32.64005633605097,-16.007436189765496,-7.132552159456148
2002-05-19,-24.175311763852605,-32.843083732296805,-14.016013137231248,-5.4286015335530085
2002-05-20,-23.122319891573646,-32.50591338376846,-12.884956822249867,-4.712896089548595
2002-05-21,-21.002647815012274,-33.08553150714906,-11.368176968004741,-6.364350466972265
2002-05-22,-19.981995897012176,-33.427855521166016,-12.173150421386541,-5.584767486381636
2002-05-23,-19.6741851728803,-31.071908567704227,-11.66629185371846,-6.960762759390816
2002-05-24,-21.121644541722535,-30.725696570282107,-11.137299606828764,-7.02325740231476
2002-05-25,-21.777441319729963,-31.099540480672854,-11.965704462020454,-5.480320016132972
2002-05-26,-24.820984400957283,-32.264189140404696,-10.891794480213548,-4.268653526352903
2002-05-27,-24.53379845211926,-33.367168652079236,-10.208838443375349,-3.65181750371016
2002-05-28,-24.374389171492403,-34.74331220821102,-10.019217573023733,-4.777453999398285
2002-05-29,-25.665064435517326,-33.62284437683409,-11.772620529701948,-5.9425215415135355
2002-05-30,-26.160549404862795,-32.38751538614567,-10.534120834015159,-5.824222688852974
2002-05-31,-27.784552779833675,-31.715560343986567,-11.004334958941447,-6.357790598336286
2002-06-01,-27.039887199071835,-31.872020934435668,-10.523018134548387,-5.587952620927252
2002-06-02,-28.234725578922824,-33.05731276967904,-10.002276183276702,-5.946616415148047
2002-06-03,-30.238306007301254,-31.78450233576997,-11.922896593438978,-4.7928045387909535
2002-06-04,-30.368800941611255,-30.35207142265741,-12.356578000973396,-3.7576191449749348
2002-06-05,-31.70168699478655,-31.29048040524134,-11.034205068552085,-4.643250742709674
2002-06-06,-30.300643328023767,-31.7366153240651,-11.085011660210496,-4.920119589079902
2002-06-07,-30.65871400427723,-31.60041053838526,-10.65681844143856,-4.3629732278629785
2002-06-08,-30.214133508568487,-31.69294923455084,-11.584879440070834,-4.312675235588026
2002-06-09,-30.99693071006962,-31.892886564359955,-10.785042795804625,-4.4293907380324615
2002-06-10,-30.36760681587033,-32.11649049386884,-11.858056808057034,-4.485495479785657
2002-06-11,-31.38104084838185,-32.19520879777016,-11.696901126150154,-4.7898102215791045
2002-06-12,-34.431275187017974,-32.93650741604075,-12.04287527061617,-4.745516478661264
2002-06-13,-34.18399190783369,-32.91511370552639,-11.547562178877087,-5.146071206055908
2002-06-14,-34.481908989953254,-33.87880148555635,-11.898614934278331,-3.3152267881653605
2002-06-15,-35.41026317440254,-34.177942414364296,-12.025212185916626,-1.9645747958959934
2002-06-16,-35.143876343184516,-33.91672650750759,-11.572546242917129,-2.1430119471767832
2002-06-17,-33.68383494963921,-34.13130479599915,-12.282176444607876,-1.4366772698248007
2002-06-18,-33.78128767862545,-32.39702858718422,-13.6153187744266,-0.3425125760946037
2002-06-19,-32.55501260874335,-30.887094237206583,-13.863954569562715,-0.847464619642756
2002-06-20,-32.46628818543802,-31.286342094528816,-13.500778356575065,-1.0180439605262281
2002-06-21,-33.72903852737166,-31.98274434138968,-12.16283050654753,-1.0992079084628543
2002-06-22,-31.21777320023452,-32.023519264995244,-12.28429086600747,-1.8167983969537562
2002-06-23,-32.25370497949297,-31.950915643045892,-12.420708350140842,-2.6946970918509465
2002-06-24,-31.943410840963995,-33.994266421975894,-12.227543464954278,-2.917598294807977
2002-06-25,-34.31131102632443,-34.12296598771234,-12.208151270051214,-3.4161803237231974
2002-06-26,-33.64014741106256,-36.090569374982074,-10.653933174681493,-4.241999278738665
2002-06-27,-33.82550872881524,-35.868288899536815,-12.539161318359088,-4.2869360787702195
2002-06-28,-36.27909419151353,-36.06844513568192,-13.687575622647984,-4.594369438751408
2002-06-29,-36.01839495511398,-36.61064393605789,-12.495602394955773,-4.772306096263263
2002-06-30,-37.07699907817985,-36.152764881655706,-11.755730732184903,-3.715056495139077
2002-07-01,-37.185240858863985,-36.3529527166368,-12.80320469719515,-2.388118978246623
2002-07-02,-36.820430029719965,-35.253635333750054,-11.423269749999628,-1.2082829388170506
2002-07-03,-37.36310331542673,-35.49683325884698,-10.394147432807221,-1.652366983144331
2002-07-04,-38.528238287776965,-35.81770520343543,-10.61130408919085,-2.7993128742460476
2002-07-05,-39.70960936406689,-36.62609624662589,-12.397133090909666,-2.3970556489512327
2002-07-06,-40.79196017033396,-35.13047362808287,-13.229970887774202,-1.7564030088303801
2002-07-07,-40.51183541653403,-34.78769266278625,-13.13773757542387,0.13339982535398964
2002-07-08,-41.70747617280119,-32.95426220839664,-13.547735155963592,-1.0185049199306875
2002-07-09,-42.827174372558424,-31.54509249046884,-14.411047223939367,-1.4541182606798435
2002-07-10,-43.721986594831364,-29.91925592404663,-15.55754755356525,-4.794632215825463
2002-07-11,-42.99608984154665,-29.09662796682294,-17.087499427192675,-4.964558985872276
2002-07-12,-43.1483961939411,-28.388798986688354,-15.994538871054116,-4.118880109934945
2002-07-13,-44.23661909006435,-28.809759212077143,-17.532145406370507,-3.2505478255610174
2002-07-14,-44.07567262548302,-30.940810577313755,-17.443336957086053,-3.666171858255345
2002-07-15,-44.70989527600037,-30.136043522280204,-18.924164721224237,-3.084514151786226
2002-07-16,-45.141641260993,-28.82252436099775,-20.209395087800935,-2.765267283781692
2002-07-17,-45.32305097062674,-29.20225494644867,-20.310591086786605,-3.8355424901612363
2002-07-18,-45.537736858462814,-31.362575332328127,-21.224488708888337,-3.8824582654144457
2002-07-19,-47.11340060987569,-30.004233173243566,-20.918968082938274,-1.9549669610747484
2002-07-20,-47.62878172340037,-29.363751431414414,-20.061859366603635,-2.3033539688443936
2002-07-21,-46.54089745339886,-30.38551885845725,-20.81099530035184,-2.036628883002895
2002-07-22,-47.32732479730463,-31.1202865173463,-20.800327564207386,-1.3418209301168607
2002-07-23,-46.78892223321934,-31.131398299876786,-20.340177900986088,0.7314857131884871
2002-07-24,-47.1106007169716,-29.91684148665234,-20.824037649395038,-0.03570777378594392
2002-07-25,-46.96169016761826,-31.139989168696484,-21.435487903220796,0.2965959765267554
2002-07-26,-47.70179456231472,-31.89965998676345,-22.378417218917523,-3.4051593508290834
2002-07-27,-48.362805496655334,-30.760334044907975,-23.924120997640177,-4.244824729973885
2002-07-28,-47.98679076553826,-30.012110657246225,-25.157236521192836,-3.467664582740176
2002-07-29,-47.981902796606356,-29.969806213119806,-25.396286673313604,-1.1524448165942345
2002-07-30,-46.78153597978142,-30.484025776175855,-25.15408371116887,-0.4695798722940947
2002-07-31,-46.86012108870283,-31.264706347789947,-23.750500790229122,-1.8048651387191805
2002-08-01,-45.383024185765784,-31.65132345828866,-23.295188381447485,-1.895676602974396
2002-08-02,-47.279721480795736,-30.66644482489353,-24.300011514491754,-5.133669494165664
2002-08-03,-48.434568107745456,-29.627216850729294,-24.004130811325055,-3.9810165364177843
2002-08-04,-49.46286497916778,-29.553432254144568,-23.79292773388638,-3.4864166809265003
2002-08-05,-49.695581451709145,-30.012856202788225,-22.645742326625022,-4.268366332826294
2002-08-06,-50.183496513957984,-30.6553289899499,-20.74110696428339,-2.9604047412476002
2002-08-07,-49.902277668874845,-30.09596148314867,-19.92788609095337,-2.856209017859443
2002-08-08,-48.98853921953246,-30.078351669322487,-18.507212250803583,-4.770093016226832
2002-08-09,-48.850405299076684,-29.045723153359162,-18.953580502081024,-4.642119660149475
2002-08-10,-47.38604815351151,-27.117314455808902,-18.280951940427148,-3.0777028543613936
2002-08-11,-47.1750509145148,-27.74231932378826,-19.142612739192693,-1.4669176979301841
2002-08-12,-49.08454623983531,-29.313306360701937,-18.61029059595322,-0.6266988520828596
2002-08-13,-49.36453768527738,-29.7002542943282,-20.662729975158058,0.8767213916802441
2002-08-14,-49.01337490713928,-28.992968095853197,-20.35398027913411,-0.33029505349828514
2002-08-15,-48.640612391713695,-29.46332137668148,-21.80439064677526,-1.3293439682480384
2002-08-16,-48.073896867399576,-28.594692748228994,-20.88802393186101,-0.31920486935201176
2002-08-17,-46.55704758462397,-29.171829498395116,-21.524858249571572,-0.18066743148073966
2002-08-18,-48.39069180480053,-27.848284120333112,-22.723801335672036,0.2549936333604913
2002-08-19,-47.1233905831142,-27.25706792062814,-24.060493617907664,0.47474267048396745
2002-08-20,-48.86797204650434,-27.015305774990566,-25.23075808169758,1.822182640982725
2002-08-21,-48.7365233567671,-25.17216192089552,-24.209618960278895,1.1628389201751386
2002-08-22,-49.32333677935135,-24.672538213000404,-24.617148380430216,-1.9208699217418062
2002-08-23,-50.50511809244913,-24.28464891352304,-23.999616661477642,-2.137778150308212
2002-08-24,-49.9939796036159,-23.034660822775006,-23.795325155011096,-0.7018032477408909
2002-08-25,-49.923719856808276,-24.368126881425532,-24.43339071089057,-0.5281822415473271
2002-08-26,-50.27133101713591,-23.918430199749196,-25.77128536310659,0.5357554561567367
2002-08-27,-50.50492440492471,-22.93519661519226,-28.14774777248402,0.6297135281598102
2002-08-28,-51.43867557388093,-23.742134159846444,-27.902139091536156,0.47744572603698354
2002-08-29,-50.14849452430814,-25.87548525375648,-28.049514119116346,0.6734613998798279
2002-08-30,-49.06974089313145,-24.850221489755103,-26.790619049294207,1.072984028301725
2002-08-31,-47.77526835039609,-24.23594025264274,-26.20865339691927,1.3123820237000614
2002-09-01,-47.70575292893585,-24.782783339136856,-28.927686046091143,-0.18428068151748955
2002-09-02,-48.44712160395099,-25.318327904977885,-29.62633848833422,-0.8711130403582866
2002-09-03,-48.288940064497716,-26.52408566557757,-28.99748053366557,0.26743519211436617
2002-09-04,-47.45136858812965,-27.376459781542554,-28.678581219680492,0.8802988452100265
2002-09-05,-47.15933471450279,-27.274397315781073,-30.13389528942379,2.454633098325223
2002-09-06,-45.53675822501061,-26.77427292791316,-31.478637677545017,2.4589825839704016
2002-09-07,-45.245692358811624,-28.044955331609227,-29.224394749168795,4.5598828435201275
2002-09-08,-45.08790879544861,-26.10541421489579,-29.700876808638053,5.071645629974979
2002-09-09,-45.501148938122924,-28.341049994779798,-29.825800287602235,4.312821420667514
2002-09-10,-45.10360599907925,-27.424133989271734,-28.024586611181107,5.3681192736173085
2002-09-11,-42.89777757060044,-25.90791582002245,-27.744601809840116,6.181998620111808
2002-09-12,-43.49976135363699,-27.823539495571406,-26.32454785436518,5.479536687931511
2002-09-13,-42.53632132375545,-28.410145932544165,-26.471066966088127,6.768837539445681
2002-09-14,-43.24956863312794,-29.182665270235923,-25.998070938520925,6.160376670252447
2002-09-15,-44.04389841734879,-27.642124058431666,-24.77308823887723,4.375986025223652
2002-09-16,-44.9206794583789,-26.644623372334312,-24.51808510743163,3.5881359169947538
2002-09-17,-44.22188253980061,-26.723277010762317,-23.721827213235596,3.970840925184251
2002-09-18,-43.72863026298756,-24.859637572274547,-23.126698126353304,4.905083782357589
2002-09-19,-43.47353673670196,-23.544218367681463,-23.005682361816564,3.6015768051504247
2002-09-20,-44.326080561689714,-22.53420218680028,-22.79284502947421,4.7808073046676585
2002-09-21,-44.30533843605142,-23.483030665874068,-23.308283368888002,4.760074939792821
2002-09-22,-43.976753563714226,-23.99514286981178,-23.30020033730855,5.507455659288745
2002-09-23,-43.89340529544335,-23.187038064830606,-23.7043744820751,4.795713234970123
2002-09-24,-44.52917368567625,-23.406716928077966,-23.540450502238034,4.968396617958394
2002-09-25,-44.97067224910558,-22.92782335018673,-23.521359464171475,4.073580352669077
2002-09-26,-45.09243931881113,-22.58586728469905,-24.329450784218487,4.681151100795672
